"Tabela 74 - Produção de origem animal, por tipo de produto"
"Variável - Produção de origem animal"
"Nível","Cód.","Município","Ano x Tipo de produto de origem animal"
"Nível","Cód.","Município","2004",,,,"2005",,,,"2006",,,,"2007",,,,"2008",,,,"2009",,,,"2010",,,,"2011",,,,"2012",,,,"2013",,,,"2014",,,,"2015",,,,"2016",,,,"2017",,,,"2018",,,,"2019",,,,"2020",,,,"2021",,,,"2022",,,,"2023",,,,"2024"
"Nível","Cód.","Município","Total",,"Leite",,"Total",,"Leite",,"Total",,"Leite",,"Total",,"Leite",,"Total",,"Leite",,"Total",,"Leite",,"Total",,"Leite",,"Total",,"Leite",,"Total",,"Leite",,"Total",,"Leite",,"Total",,"Leite",,"Total",,"Leite",,"Total",,"Leite",,"Total",,"Leite",,"Total",,"Leite",,"Total",,"Leite",,"Total",,"Leite",,"Total",,"Leite",,"Total",,"Leite",,"Total",,"Leite",,"Total",,"Leite"
"MU","1300029","Alvarães (AM)","..","","22","Mil litros","..","","22","Mil litros","..","","23","Mil litros","..","","21","Mil litros","..","","...","Mil litros","..","","...","Mil litros","..","","-","Mil litros","..","","-","Mil litros","..","","-","Mil litros","..","","-","Mil litros","..","","-","Mil litros","..","","-","Mil litros","..","","-","Mil litros","..","","-","Mil litros","..","","0","Mil litros","..","","0","Mil litros","..","","0","Mil litros","..","","0","Mil litros","..","","0","Mil litros","..","","-","Mil litros","..","","-","Mil litros"
"MU","1300060","Amaturá (AM)","..","","7","Mil litros","..","","7","Mil litros","..","","8","Mil litros","..","","6","Mil litros","..","","4","Mil litros","..","","111","Mil litros","..","","252","Mil litros","..","","258","Mil litros","..","","100","Mil litros","..","","100","Mil litros","..","","77","Mil litros","..","","63","Mil litros","..","","64","Mil litros","..","","7","Mil litros","..","","3","Mil litros","..","","2","Mil litros","..","","2","Mil litros","..","","-","Mil litros","..","","-","Mil litros","..","","-","Mil litros","..","","-","Mil litros"
"MU","1300086","Anamã (AM)","..","","13","Mil litros","..","","13","Mil litros","..","","14","Mil litros","..","","21","Mil litros","..","","22","Mil litros","..","","25","Mil litros","..","","15","Mil litros","..","","30","Mil litros","..","","29","Mil litros","..","","21","Mil litros","..","","19","Mil litros","..","","18","Mil litros","..","","19","Mil litros","..","","21","Mil litros","..","","22","Mil litros","..","","20","Mil litros","..","","21","Mil litros","..","","20","Mil litros","..","","22","Mil litros","..","","25","Mil litros","..","","24","Mil litros"
"MU","1300102","Anori (AM)","..","","57","Mil litros","..","","57","Mil litros","..","","60","Mil litros","..","","56","Mil litros","..","","60","Mil litros","..","","61","Mil litros","..","","119","Mil litros","..","","220","Mil litros","..","","150","Mil litros","..","","115","Mil litros","..","","120","Mil litros","..","","110","Mil litros","..","","121","Mil litros","..","","41","Mil litros","..","","45","Mil litros","..","","40","Mil litros","..","","45","Mil litros","..","","50","Mil litros","..","","52","Mil litros","..","","60","Mil litros","..","","70","Mil litros"
"MU","1300144","Apuí (AM)","..","","1230","Mil litros","..","","1721","Mil litros","..","","1773","Mil litros","..","","875","Mil litros","..","","2245","Mil litros","..","","2274","Mil litros","..","","6188","Mil litros","..","","5930","Mil litros","..","","4650","Mil litros","..","","6530","Mil litros","..","","7500","Mil litros","..","","7500","Mil litros","..","","6500","Mil litros","..","","5500","Mil litros","..","","5670","Mil litros","..","","5850","Mil litros","..","","5990","Mil litros","..","","5500","Mil litros","..","","4956","Mil litros","..","","5000","Mil litros","..","","6700","Mil litros"
"MU","1300201","Atalaia do Norte (AM)","..","","-","Mil litros","..","","-","Mil litros","..","","-","Mil litros","..","","-","Mil litros","..","","-","Mil litros","..","","5","Mil litros","..","","5","Mil litros","..","","5","Mil litros","..","","5","Mil litros","..","","4","Mil litros","..","","4","Mil litros","..","","8","Mil litros","..","","8","Mil litros","..","","-","Mil litros","..","","4","Mil litros","..","","1","Mil litros","..","","1","Mil litros","..","","-","Mil litros","..","","-","Mil litros","..","","-","Mil litros","..","","-","Mil litros"
"MU","1300300","Autazes (AM)","..","","8809","Mil litros","..","","9156","Mil litros","..","","9430","Mil litros","..","","4247","Mil litros","..","","9782","Mil litros","..","","9910","Mil litros","..","","8285","Mil litros","..","","7400","Mil litros","..","","9813","Mil litros","..","","8533","Mil litros","..","","8181","Mil litros","..","","9550","Mil litros","..","","10505","Mil litros","..","","9508","Mil litros","..","","11340","Mil litros","..","","10950","Mil litros","..","","11000","Mil litros","..","","12000","Mil litros","..","","13000","Mil litros","..","","12400","Mil litros","..","","10531","Mil litros"
"MU","1300409","Barcelos (AM)","..","","13","Mil litros","..","","13","Mil litros","..","","14","Mil litros","..","","14","Mil litros","..","","15","Mil litros","..","","20","Mil litros","..","","15","Mil litros","..","","15","Mil litros","..","","4","Mil litros","..","","4","Mil litros","..","","4","Mil litros","..","","-","Mil litros","..","","-","Mil litros","..","","1","Mil litros","..","","1","Mil litros","..","","-","Mil litros","..","","-","Mil litros","..","","-","Mil litros","..","","-","Mil litros","..","","-","Mil litros","..","","-","Mil litros"
"MU","1300508","Barreirinha (AM)","..","","1406","Mil litros","..","","1406","Mil litros","..","","1455","Mil litros","..","","809","Mil litros","..","","986","Mil litros","..","","999","Mil litros","..","","1348","Mil litros","..","","1600","Mil litros","..","","2640","Mil litros","..","","2938","Mil litros","..","","2644","Mil litros","..","","1080","Mil litros","..","","1296","Mil litros","..","","1350","Mil litros","..","","1390","Mil litros","..","","1400","Mil litros","..","","1458","Mil litros","..","","1420","Mil litros","..","","1250","Mil litros","..","","1520","Mil litros","..","","1800","Mil litros"
"MU","1300607","Benjamin Constant (AM)","..","","44","Mil litros","..","","44","Mil litros","..","","46","Mil litros","..","","15","Mil litros","..","","35","Mil litros","..","","36","Mil litros","..","","36","Mil litros","..","","33","Mil litros","..","","21","Mil litros","..","","21","Mil litros","..","","17","Mil litros","..","","18","Mil litros","..","","16","Mil litros","..","","7","Mil litros","..","","0","Mil litros","..","","0","Mil litros","..","","0","Mil litros","..","","0","Mil litros","..","","-","Mil litros","..","","-","Mil litros","..","","-","Mil litros"
"MU","1300631","Beruri (AM)","..","","18","Mil litros","..","","18","Mil litros","..","","20","Mil litros","..","","-","Mil litros","..","","-","Mil litros","..","","61","Mil litros","..","","54","Mil litros","..","","66","Mil litros","..","","21","Mil litros","..","","19","Mil litros","..","","16","Mil litros","..","","...","Mil litros","..","","13","Mil litros","..","","5","Mil litros","..","","3","Mil litros","..","","0","Mil litros","..","","-","Mil litros","..","","-","Mil litros","..","","-","Mil litros","..","","-","Mil litros","..","","15","Mil litros"
"MU","1300680","Boa Vista do Ramos (AM)","..","","378","Mil litros","..","","378","Mil litros","..","","391","Mil litros","..","","123","Mil litros","..","","138","Mil litros","..","","149","Mil litros","..","","157","Mil litros","..","","139","Mil litros","..","","153","Mil litros","..","","157","Mil litros","..","","145","Mil litros","..","","135","Mil litros","..","","148","Mil litros","..","","180","Mil litros","..","","189","Mil litros","..","","197","Mil litros","..","","211","Mil litros","..","","205","Mil litros","..","","169","Mil litros","..","","171","Mil litros","..","","177","Mil litros"
"MU","1300706","Boca do Acre (AM)","..","","2258","Mil litros","..","","2083","Mil litros","..","","2155","Mil litros","..","","330","Mil litros","..","","1825","Mil litros","..","","961","Mil litros","..","","961","Mil litros","..","","1018","Mil litros","..","","1399","Mil litros","..","","1230","Mil litros","..","","1228","Mil litros","..","","1289","Mil litros","..","","1000","Mil litros","..","","900","Mil litros","..","","2080","Mil litros","..","","2200","Mil litros","..","","2350","Mil litros","..","","2540","Mil litros","..","","2530","Mil litros","..","","7600","Mil litros","..","","9912","Mil litros"
"MU","1300805","Borba (AM)","..","","46","Mil litros","..","","46","Mil litros","..","","48","Mil litros","..","","4","Mil litros","..","","8","Mil litros","..","","8","Mil litros","..","","12","Mil litros","..","","28","Mil litros","..","","90","Mil litros","..","","92","Mil litros","..","","77","Mil litros","..","","85","Mil litros","..","","70","Mil litros","..","","71","Mil litros","..","","68","Mil litros","..","","70","Mil litros","..","","68","Mil litros","..","","69","Mil litros","..","","80","Mil litros","..","","99","Mil litros","..","","329","Mil litros"
"MU","1300839","Caapiranga (AM)","..","","26","Mil litros","..","","26","Mil litros","..","","27","Mil litros","..","","-","Mil litros","..","","-","Mil litros","..","","68","Mil litros","..","","64","Mil litros","..","","65","Mil litros","..","","65","Mil litros","..","","35","Mil litros","..","","30","Mil litros","..","","30","Mil litros","..","","7","Mil litros","..","","9","Mil litros","..","","9","Mil litros","..","","9","Mil litros","..","","8","Mil litros","..","","-","Mil litros","..","","-","Mil litros","..","","-","Mil litros","..","","-","Mil litros"
"MU","1300904","Canutama (AM)","..","","273","Mil litros","..","","273","Mil litros","..","","282","Mil litros","..","","7","Mil litros","..","","3","Mil litros","..","","43","Mil litros","..","","40","Mil litros","..","","41","Mil litros","..","","41","Mil litros","..","","57","Mil litros","..","","50","Mil litros","..","","50","Mil litros","..","","52","Mil litros","..","","60","Mil litros","..","","65","Mil litros","..","","67","Mil litros","..","","59","Mil litros","..","","60","Mil litros","..","","61","Mil litros","..","","264","Mil litros","..","","450","Mil litros"
"MU","1301001","Carauari (AM)","..","","38","Mil litros","..","","45","Mil litros","..","","47","Mil litros","..","","45","Mil litros","..","","8","Mil litros","..","","9","Mil litros","..","","9","Mil litros","..","","9","Mil litros","..","","7","Mil litros","..","","4","Mil litros","..","","1","Mil litros","..","","1","Mil litros","..","","1","Mil litros","..","","0","Mil litros","..","","0","Mil litros","..","","0","Mil litros","..","","-","Mil litros","..","","-","Mil litros","..","","-","Mil litros","..","","-","Mil litros","..","","-","Mil litros"
"MU","1301100","Careiro (AM)","..","","809","Mil litros","..","","808","Mil litros","..","","832","Mil litros","..","","236","Mil litros","..","","237","Mil litros","..","","980","Mil litros","..","","1023","Mil litros","..","","700","Mil litros","..","","209","Mil litros","..","","180","Mil litros","..","","938","Mil litros","..","","720","Mil litros","..","","234","Mil litros","..","","275","Mil litros","..","","303","Mil litros","..","","73","Mil litros","..","","71","Mil litros","..","","80","Mil litros","..","","90","Mil litros","..","","282","Mil litros","..","","236","Mil litros"
"MU","1301159","Careiro da Várzea (AM)","..","","7869","Mil litros","..","","7869","Mil litros","..","","8144","Mil litros","..","","5277","Mil litros","..","","6300","Mil litros","..","","6376","Mil litros","..","","9734","Mil litros","..","","9611","Mil litros","..","","9611","Mil litros","..","","9702","Mil litros","..","","8218","Mil litros","..","","8700","Mil litros","..","","8990","Mil litros","..","","8500","Mil litros","..","","7999","Mil litros","..","","7983","Mil litros","..","","7958","Mil litros","..","","7900","Mil litros","..","","9000","Mil litros","..","","9000","Mil litros","..","","8000","Mil litros"
"MU","1301209","Coari (AM)","..","","131","Mil litros","..","","131","Mil litros","..","","135","Mil litros","..","","125","Mil litros","..","","127","Mil litros","..","","129","Mil litros","..","","60","Mil litros","..","","70","Mil litros","..","","45","Mil litros","..","","48","Mil litros","..","","50","Mil litros","..","","47","Mil litros","..","","55","Mil litros","..","","36","Mil litros","..","","38","Mil litros","..","","35","Mil litros","..","","40","Mil litros","..","","45","Mil litros","..","","43","Mil litros","..","","64","Mil litros","..","","43","Mil litros"
"MU","1301308","Codajás (AM)","..","","80","Mil litros","..","","80","Mil litros","..","","83","Mil litros","..","","55","Mil litros","..","","56","Mil litros","..","","119","Mil litros","..","","148","Mil litros","..","","170","Mil litros","..","","105","Mil litros","..","","125","Mil litros","..","","140","Mil litros","..","","210","Mil litros","..","","226","Mil litros","..","","135","Mil litros","..","","145","Mil litros","..","","140","Mil litros","..","","190","Mil litros","..","","180","Mil litros","..","","172","Mil litros","..","","173","Mil litros","..","","180","Mil litros"
"MU","1301407","Eirunepé (AM)","..","","22","Mil litros","..","","24","Mil litros","..","","27","Mil litros","..","","52","Mil litros","..","","29","Mil litros","..","","30","Mil litros","..","","32","Mil litros","..","","49","Mil litros","..","","45","Mil litros","..","","41","Mil litros","..","","30","Mil litros","..","","20","Mil litros","..","","12","Mil litros","..","","12","Mil litros","..","","6","Mil litros","..","","0","Mil litros","..","","-","Mil litros","..","","-","Mil litros","..","","-","Mil litros","..","","4","Mil litros","..","","210","Mil litros"
"MU","1301506","Envira (AM)","..","","322","Mil litros","..","","326","Mil litros","..","","338","Mil litros","..","","314","Mil litros","..","","317","Mil litros","..","","327","Mil litros","..","","162","Mil litros","..","","318","Mil litros","..","","134","Mil litros","..","","130","Mil litros","..","","54","Mil litros","..","","60","Mil litros","..","","74","Mil litros","..","","90","Mil litros","..","","92","Mil litros","..","","105","Mil litros","..","","29","Mil litros","..","","32","Mil litros","..","","32","Mil litros","..","","73","Mil litros","..","","92","Mil litros"
"MU","1301605","Fonte Boa (AM)","..","","68","Mil litros","..","","70","Mil litros","..","","76","Mil litros","..","","-","Mil litros","..","","-","Mil litros","..","","-","Mil litros","..","","356","Mil litros","..","","405","Mil litros","..","","260","Mil litros","..","","220","Mil litros","..","","144","Mil litros","..","","115","Mil litros","..","","117","Mil litros","..","","109","Mil litros","..","","92","Mil litros","..","","75","Mil litros","..","","65","Mil litros","..","","66","Mil litros","..","","65","Mil litros","..","","15","Mil litros","..","","18","Mil litros"
"MU","1301654","Guajará (AM)","..","","391","Mil litros","..","","466","Mil litros","..","","482","Mil litros","..","","506","Mil litros","..","","531","Mil litros","..","","547","Mil litros","..","","450","Mil litros","..","","400","Mil litros","..","","252","Mil litros","..","","195","Mil litros","..","","198","Mil litros","..","","198","Mil litros","..","","192","Mil litros","..","","194","Mil litros","..","","194","Mil litros","..","","167","Mil litros","..","","163","Mil litros","..","","51","Mil litros","..","","22","Mil litros","..","","36","Mil litros","..","","80","Mil litros"
"MU","1301704","Humaitá (AM)","..","","32","Mil litros","..","","34","Mil litros","..","","35","Mil litros","..","","132","Mil litros","..","","268","Mil litros","..","","272","Mil litros","..","","270","Mil litros","..","","420","Mil litros","..","","209","Mil litros","..","","130","Mil litros","..","","140","Mil litros","..","","140","Mil litros","..","","140","Mil litros","..","","180","Mil litros","..","","342","Mil litros","..","","380","Mil litros","..","","390","Mil litros","..","","420","Mil litros","..","","602","Mil litros","..","","610","Mil litros","..","","1620","Mil litros"
"MU","1301803","Ipixuna (AM)","..","","214","Mil litros","..","","214","Mil litros","..","","221","Mil litros","..","","232","Mil litros","..","","239","Mil litros","..","","247","Mil litros","..","","222","Mil litros","..","","180","Mil litros","..","","144","Mil litros","..","","145","Mil litros","..","","158","Mil litros","..","","-","Mil litros","..","","-","Mil litros","..","","0","Mil litros","..","","1","Mil litros","..","","2","Mil litros","..","","2","Mil litros","..","","...","Mil litros","..","","...","Mil litros","..","","-","Mil litros","..","","-","Mil litros"
"MU","1301852","Iranduba (AM)","..","","198","Mil litros","..","","198","Mil litros","..","","204","Mil litros","..","","47","Mil litros","..","","92","Mil litros","..","","194","Mil litros","..","","385","Mil litros","..","","405","Mil litros","..","","615","Mil litros","..","","425","Mil litros","..","","565","Mil litros","..","","344","Mil litros","..","","340","Mil litros","..","","504","Mil litros","..","","432","Mil litros","..","","188","Mil litros","..","","309","Mil litros","..","","337","Mil litros","..","","370","Mil litros","..","","350","Mil litros","..","","393","Mil litros"
"MU","1301902","Itacoatiara (AM)","..","","6248","Mil litros","..","","6248","Mil litros","..","","6465","Mil litros","..","","1543","Mil litros","..","","6465","Mil litros","..","","6550","Mil litros","..","","3943","Mil litros","..","","4664","Mil litros","..","","5597","Mil litros","..","","5600","Mil litros","..","","5250","Mil litros","..","","4463","Mil litros","..","","3704","Mil litros","..","","3722","Mil litros","..","","3250","Mil litros","..","","2740","Mil litros","..","","1781","Mil litros","..","","1680","Mil litros","..","","1200","Mil litros","..","","1302","Mil litros","..","","2038","Mil litros"
"MU","1301951","Itamarati (AM)","..","","34","Mil litros","..","","34","Mil litros","..","","36","Mil litros","..","","-","Mil litros","..","","-","Mil litros","..","","169","Mil litros","..","","313","Mil litros","..","","375","Mil litros","..","","20","Mil litros","..","","16","Mil litros","..","","-","Mil litros","..","","3","Mil litros","..","","2","Mil litros","..","","1","Mil litros","..","","1","Mil litros","..","","0","Mil litros","..","","-","Mil litros","..","","...","Mil litros","..","","...","Mil litros","..","","-","Mil litros","..","","-","Mil litros"
"MU","1302009","Itapiranga (AM)","..","","405","Mil litros","..","","405","Mil litros","..","","419","Mil litros","..","","3","Mil litros","..","","3","Mil litros","..","","4","Mil litros","..","","7","Mil litros","..","","34","Mil litros","..","","34","Mil litros","..","","29","Mil litros","..","","36","Mil litros","..","","36","Mil litros","..","","72","Mil litros","..","","65","Mil litros","..","","78","Mil litros","..","","71","Mil litros","..","","69","Mil litros","..","","67","Mil litros","..","","60","Mil litros","..","","57","Mil litros","..","","64","Mil litros"
"MU","1302108","Japurá (AM)","..","","-","Mil litros","..","","-","Mil litros","..","","-","Mil litros","..","","-","Mil litros","..","","...","Mil litros","..","","...","Mil litros","..","","90","Mil litros","..","","95","Mil litros","..","","30","Mil litros","..","","33","Mil litros","..","","33","Mil litros","..","","30","Mil litros","..","","15","Mil litros","..","","13","Mil litros","..","","15","Mil litros","..","","15","Mil litros","..","","15","Mil litros","..","","14","Mil litros","..","","14","Mil litros","..","","47","Mil litros","..","","55","Mil litros"
"MU","1302207","Juruá (AM)","..","","-","Mil litros","..","","-","Mil litros","..","","-","Mil litros","..","","...","Mil litros","..","","...","Mil litros","..","","...","Mil litros","..","","7","Mil litros","..","","7","Mil litros","..","","5","Mil litros","..","","5","Mil litros","..","","3","Mil litros","..","","-","Mil litros","..","","-","Mil litros","..","","-","Mil litros","..","","1","Mil litros","..","","1","Mil litros","..","","1","Mil litros","..","","1","Mil litros","..","","-","Mil litros","..","","-","Mil litros","..","","5","Mil litros"
"MU","1302306","Jutaí (AM)","..","","-","Mil litros","..","","-","Mil litros","..","","-","Mil litros","..","","16","Mil litros","..","","16","Mil litros","..","","17","Mil litros","..","","12","Mil litros","..","","17","Mil litros","..","","17","Mil litros","..","","18","Mil litros","..","","18","Mil litros","..","","36","Mil litros","..","","43","Mil litros","..","","40","Mil litros","..","","35","Mil litros","..","","28","Mil litros","..","","28","Mil litros","..","","27","Mil litros","..","","30","Mil litros","..","","25","Mil litros","..","","45","Mil litros"
"MU","1302405","Lábrea (AM)","..","","158","Mil litros","..","","162","Mil litros","..","","165","Mil litros","..","","90","Mil litros","..","","143","Mil litros","..","","196","Mil litros","..","","285","Mil litros","..","","335","Mil litros","..","","691","Mil litros","..","","710","Mil litros","..","","705","Mil litros","..","","645","Mil litros","..","","645","Mil litros","..","","700","Mil litros","..","","750","Mil litros","..","","690","Mil litros","..","","696","Mil litros","..","","714","Mil litros","..","","720","Mil litros","..","","710","Mil litros","..","","800","Mil litros"
"MU","1302504","Manacapuru (AM)","..","","977","Mil litros","..","","977","Mil litros","..","","1011","Mil litros","..","","189","Mil litros","..","","602","Mil litros","..","","33","Mil litros","..","","65","Mil litros","..","","261","Mil litros","..","","610","Mil litros","..","","610","Mil litros","..","","580","Mil litros","..","","400","Mil litros","..","","450","Mil litros","..","","274","Mil litros","..","","355","Mil litros","..","","365","Mil litros","..","","262","Mil litros","..","","272","Mil litros","..","","250","Mil litros","..","","560","Mil litros","..","","657","Mil litros"
"MU","1302553","Manaquiri (AM)","..","","154","Mil litros","..","","154","Mil litros","..","","160","Mil litros","..","","1","Mil litros","..","","20","Mil litros","..","","320","Mil litros","..","","310","Mil litros","..","","526","Mil litros","..","","220","Mil litros","..","","185","Mil litros","..","","180","Mil litros","..","","95","Mil litros","..","","90","Mil litros","..","","92","Mil litros","..","","90","Mil litros","..","","93","Mil litros","..","","95","Mil litros","..","","91","Mil litros","..","","92","Mil litros","..","","90","Mil litros","..","","427","Mil litros"
"MU","1302603","Manaus (AM)","..","","1536","Mil litros","..","","1536","Mil litros","..","","1589","Mil litros","..","","333","Mil litros","..","","348","Mil litros","..","","352","Mil litros","..","","811","Mil litros","..","","715","Mil litros","..","","599","Mil litros","..","","588","Mil litros","..","","521","Mil litros","..","","498","Mil litros","..","","540","Mil litros","..","","500","Mil litros","..","","350","Mil litros","..","","237","Mil litros","..","","230","Mil litros","..","","240","Mil litros","..","","254","Mil litros","..","","398","Mil litros","..","","900","Mil litros"
"MU","1302702","Manicoré (AM)","..","","293","Mil litros","..","","309","Mil litros","..","","318","Mil litros","..","","683","Mil litros","..","","513","Mil litros","..","","521","Mil litros","..","","878","Mil litros","..","","1150","Mil litros","..","","1356","Mil litros","..","","1086","Mil litros","..","","2920","Mil litros","..","","2890","Mil litros","..","","2803","Mil litros","..","","3179","Mil litros","..","","3200","Mil litros","..","","3150","Mil litros","..","","3300","Mil litros","..","","3390","Mil litros","..","","3375","Mil litros","..","","3105","Mil litros","..","","3100","Mil litros"
"MU","1302801","Maraã (AM)","..","","6","Mil litros","..","","6","Mil litros","..","","8","Mil litros","..","","...","Mil litros","..","","...","Mil litros","..","","...","Mil litros","..","","-","Mil litros","..","","-","Mil litros","..","","-","Mil litros","..","","-","Mil litros","..","","-","Mil litros","..","","-","Mil litros","..","","-","Mil litros","..","","-","Mil litros","..","","4","Mil litros","..","","4","Mil litros","..","","4","Mil litros","..","","3","Mil litros","..","","3","Mil litros","..","","-","Mil litros","..","","12","Mil litros"
"MU","1302900","Maués (AM)","..","","274","Mil litros","..","","274","Mil litros","..","","283","Mil litros","..","","102","Mil litros","..","","1248","Mil litros","..","","1265","Mil litros","..","","1368","Mil litros","..","","1775","Mil litros","..","","672","Mil litros","..","","692","Mil litros","..","","1653","Mil litros","..","","794","Mil litros","..","","740","Mil litros","..","","526","Mil litros","..","","432","Mil litros","..","","450","Mil litros","..","","480","Mil litros","..","","300","Mil litros","..","","275","Mil litros","..","","259","Mil litros","..","","270","Mil litros"
"MU","1303007","Nhamundá (AM)","..","","488","Mil litros","..","","488","Mil litros","..","","505","Mil litros","..","","100","Mil litros","..","","12","Mil litros","..","","12","Mil litros","..","","25","Mil litros","..","","31","Mil litros","..","","82","Mil litros","..","","83","Mil litros","..","","93","Mil litros","..","","27","Mil litros","..","","96","Mil litros","..","","85","Mil litros","..","","99","Mil litros","..","","101","Mil litros","..","","174","Mil litros","..","","173","Mil litros","..","","155","Mil litros","..","","212","Mil litros","..","","540","Mil litros"
"MU","1303106","Nova Olinda do Norte (AM)","..","","14","Mil litros","..","","14","Mil litros","..","","15","Mil litros","..","","31","Mil litros","..","","6","Mil litros","..","","6","Mil litros","..","","9","Mil litros","..","","15","Mil litros","..","","335","Mil litros","..","","330","Mil litros","..","","1400","Mil litros","..","","1475","Mil litros","..","","1406","Mil litros","..","","1644","Mil litros","..","","1500","Mil litros","..","","1368","Mil litros","..","","1287","Mil litros","..","","1180","Mil litros","..","","1190","Mil litros","..","","1200","Mil litros","..","","1430","Mil litros"
"MU","1303205","Novo Airão (AM)","..","","30","Mil litros","..","","41","Mil litros","..","","45","Mil litros","..","","9","Mil litros","..","","9","Mil litros","..","","23","Mil litros","..","","20","Mil litros","..","","24","Mil litros","..","","30","Mil litros","..","","40","Mil litros","..","","40","Mil litros","..","","24","Mil litros","..","","24","Mil litros","..","","25","Mil litros","..","","8","Mil litros","..","","12","Mil litros","..","","5","Mil litros","..","","-","Mil litros","..","","-","Mil litros","..","","22","Mil litros","..","","91","Mil litros"
"MU","1303304","Novo Aripuanã (AM)","..","","485","Mil litros","..","","485","Mil litros","..","","502","Mil litros","..","","51","Mil litros","..","","373","Mil litros","..","","378","Mil litros","..","","189","Mil litros","..","","180","Mil litros","..","","185","Mil litros","..","","194","Mil litros","..","","178","Mil litros","..","","180","Mil litros","..","","191","Mil litros","..","","193","Mil litros","..","","230","Mil litros","..","","200","Mil litros","..","","230","Mil litros","..","","235","Mil litros","..","","240","Mil litros","..","","696","Mil litros","..","","788","Mil litros"
"MU","1303403","Parintins (AM)","..","","5067","Mil litros","..","","5214","Mil litros","..","","5396","Mil litros","..","","2325","Mil litros","..","","7088","Mil litros","..","","7173","Mil litros","..","","7369","Mil litros","..","","10821","Mil litros","..","","5600","Mil litros","..","","6250","Mil litros","..","","5625","Mil litros","..","","4261","Mil litros","..","","3790","Mil litros","..","","3158","Mil litros","..","","3145","Mil litros","..","","3420","Mil litros","..","","3500","Mil litros","..","","3426","Mil litros","..","","2880","Mil litros","..","","2487","Mil litros","..","","5040","Mil litros"
"MU","1303502","Pauini (AM)","..","","81","Mil litros","..","","81","Mil litros","..","","83","Mil litros","..","","62","Mil litros","..","","126","Mil litros","..","","128","Mil litros","..","","155","Mil litros","..","","166","Mil litros","..","","150","Mil litros","..","","140","Mil litros","..","","300","Mil litros","..","","320","Mil litros","..","","300","Mil litros","..","","300","Mil litros","..","","310","Mil litros","..","","305","Mil litros","..","","310","Mil litros","..","","298","Mil litros","..","","290","Mil litros","..","","292","Mil litros","..","","272","Mil litros"
"MU","1303536","Presidente Figueiredo (AM)","..","","362","Mil litros","..","","362","Mil litros","..","","375","Mil litros","..","","148","Mil litros","..","","152","Mil litros","..","","154","Mil litros","..","","154","Mil litros","..","","235","Mil litros","..","","278","Mil litros","..","","280","Mil litros","..","","269","Mil litros","..","","250","Mil litros","..","","245","Mil litros","..","","221","Mil litros","..","","151","Mil litros","..","","166","Mil litros","..","","167","Mil litros","..","","210","Mil litros","..","","198","Mil litros","..","","129","Mil litros","..","","331","Mil litros"
"MU","1303569","Rio Preto da Eva (AM)","..","","428","Mil litros","..","","428","Mil litros","..","","443","Mil litros","..","","56","Mil litros","..","","62","Mil litros","..","","63","Mil litros","..","","95","Mil litros","..","","71","Mil litros","..","","72","Mil litros","..","","72","Mil litros","..","","80","Mil litros","..","","94","Mil litros","..","","47","Mil litros","..","","25","Mil litros","..","","35","Mil litros","..","","35","Mil litros","..","","35","Mil litros","..","","38","Mil litros","..","","41","Mil litros","..","","68","Mil litros","..","","65","Mil litros"
"MU","1303601","Santa Isabel do Rio Negro (AM)","..","","13","Mil litros","..","","13","Mil litros","..","","14","Mil litros","..","","...","Mil litros","..","","13","Mil litros","..","","13","Mil litros","..","","18","Mil litros","..","","18","Mil litros","..","","19","Mil litros","..","","8","Mil litros","..","","9","Mil litros","..","","...","Mil litros","..","","...","Mil litros","..","","...","Mil litros","..","","0","Mil litros","..","","0","Mil litros","..","","-","Mil litros","..","","-","Mil litros","..","","...","Mil litros","..","","-","Mil litros","..","","-","Mil litros"
"MU","1303700","Santo Antônio do Içá (AM)","..","","-","Mil litros","..","","-","Mil litros","..","","-","Mil litros","..","","-","Mil litros","..","","-","Mil litros","..","","-","Mil litros","..","","93","Mil litros","..","","90","Mil litros","..","","92","Mil litros","..","","100","Mil litros","..","","90","Mil litros","..","","84","Mil litros","..","","100","Mil litros","..","","-","Mil litros","..","","29","Mil litros","..","","1","Mil litros","..","","1","Mil litros","..","","-","Mil litros","..","","-","Mil litros","..","","-","Mil litros","..","","-","Mil litros"
"MU","1303809","São Gabriel da Cachoeira (AM)","..","","-","Mil litros","..","","-","Mil litros","..","","-","Mil litros","..","","...","Mil litros","..","","...","Mil litros","..","","10","Mil litros","..","","21","Mil litros","..","","28","Mil litros","..","","25","Mil litros","..","","7","Mil litros","..","","6","Mil litros","..","","6","Mil litros","..","","6","Mil litros","..","","-","Mil litros","..","","7","Mil litros","..","","8","Mil litros","..","","7","Mil litros","..","","7","Mil litros","..","","9","Mil litros","..","","-","Mil litros","..","","-","Mil litros"
"MU","1303908","São Paulo de Olivença (AM)","..","","23","Mil litros","..","","23","Mil litros","..","","23","Mil litros","..","","-","Mil litros","..","","...","Mil litros","..","","31","Mil litros","..","","35","Mil litros","..","","35","Mil litros","..","","29","Mil litros","..","","25","Mil litros","..","","19","Mil litros","..","","17","Mil litros","..","","16","Mil litros","..","","-","Mil litros","..","","-","Mil litros","..","","29","Mil litros","..","","29","Mil litros","..","","-","Mil litros","..","","-","Mil litros","..","","-","Mil litros","..","","-","Mil litros"
"MU","1303957","São Sebastião do Uatumã (AM)","..","","17","Mil litros","..","","17","Mil litros","..","","17","Mil litros","..","","-","Mil litros","..","","19","Mil litros","..","","19","Mil litros","..","","38","Mil litros","..","","54","Mil litros","..","","35","Mil litros","..","","40","Mil litros","..","","40","Mil litros","..","","45","Mil litros","..","","37","Mil litros","..","","34","Mil litros","..","","31","Mil litros","..","","26","Mil litros","..","","31","Mil litros","..","","36","Mil litros","..","","33","Mil litros","..","","48","Mil litros","..","","51","Mil litros"
"MU","1304005","Silves (AM)","..","","225","Mil litros","..","","225","Mil litros","..","","232","Mil litros","..","","140","Mil litros","..","","44","Mil litros","..","","46","Mil litros","..","","92","Mil litros","..","","134","Mil litros","..","","150","Mil litros","..","","198","Mil litros","..","","140","Mil litros","..","","109","Mil litros","..","","160","Mil litros","..","","193","Mil litros","..","","211","Mil litros","..","","215","Mil litros","..","","190","Mil litros","..","","180","Mil litros","..","","169","Mil litros","..","","166","Mil litros","..","","171","Mil litros"
"MU","1304062","Tabatinga (AM)","..","","58","Mil litros","..","","77","Mil litros","..","","79","Mil litros","..","","...","Mil litros","..","","...","Mil litros","..","","45","Mil litros","..","","29","Mil litros","..","","29","Mil litros","..","","9","Mil litros","..","","36","Mil litros","..","","13","Mil litros","..","","13","Mil litros","..","","15","Mil litros","..","","14","Mil litros","..","","14","Mil litros","..","","5","Mil litros","..","","5","Mil litros","..","","4","Mil litros","..","","-","Mil litros","..","","-","Mil litros","..","","-","Mil litros"
"MU","1304104","Tapauá (AM)","..","","-","Mil litros","..","","-","Mil litros","..","","-","Mil litros","..","","-","Mil litros","..","","-","Mil litros","..","","-","Mil litros","..","","-","Mil litros","..","","180","Mil litros","..","","56","Mil litros","..","","58","Mil litros","..","","58","Mil litros","..","","58","Mil litros","..","","58","Mil litros","..","","62","Mil litros","..","","13","Mil litros","..","","12","Mil litros","..","","12","Mil litros","..","","12","Mil litros","..","","12","Mil litros","..","","83","Mil litros","..","","120","Mil litros"
"MU","1304203","Tefé (AM)","..","","24","Mil litros","..","","38","Mil litros","..","","40","Mil litros","..","","18","Mil litros","..","","5","Mil litros","..","","5","Mil litros","..","","4","Mil litros","..","","4","Mil litros","..","","15","Mil litros","..","","14","Mil litros","..","","14","Mil litros","..","","11","Mil litros","..","","11","Mil litros","..","","12","Mil litros","..","","11","Mil litros","..","","10","Mil litros","..","","10","Mil litros","..","","9","Mil litros","..","","10","Mil litros","..","","13","Mil litros","..","","20","Mil litros"
"MU","1304237","Tonantins (AM)","..","","16","Mil litros","..","","21","Mil litros","..","","23","Mil litros","..","","...","Mil litros","..","","...","Mil litros","..","","144","Mil litros","..","","230","Mil litros","..","","229","Mil litros","..","","150","Mil litros","..","","140","Mil litros","..","","140","Mil litros","..","","170","Mil litros","..","","24","Mil litros","..","","-","Mil litros","..","","4","Mil litros","..","","4","Mil litros","..","","4","Mil litros","..","","-","Mil litros","..","","-","Mil litros","..","","-","Mil litros","..","","25","Mil litros"
"MU","1304260","Uarini (AM)","..","","18","Mil litros","..","","18","Mil litros","..","","21","Mil litros","..","","7","Mil litros","..","","8","Mil litros","..","","58","Mil litros","..","","29","Mil litros","..","","29","Mil litros","..","","18","Mil litros","..","","13","Mil litros","..","","8","Mil litros","..","","7","Mil litros","..","","7","Mil litros","..","","7","Mil litros","..","","6","Mil litros","..","","6","Mil litros","..","","6","Mil litros","..","","6","Mil litros","..","","-","Mil litros","..","","-","Mil litros","..","","5","Mil litros"
"MU","1304302","Urucará (AM)","..","","657","Mil litros","..","","657","Mil litros","..","","680","Mil litros","..","","33","Mil litros","..","","34","Mil litros","..","","36","Mil litros","..","","72","Mil litros","..","","72","Mil litros","..","","85","Mil litros","..","","86","Mil litros","..","","86","Mil litros","..","","78","Mil litros","..","","70","Mil litros","..","","78","Mil litros","..","","78","Mil litros","..","","70","Mil litros","..","","60","Mil litros","..","","90","Mil litros","..","","77","Mil litros","..","","65","Mil litros","..","","70","Mil litros"
"MU","1304401","Urucurituba (AM)","..","","48","Mil litros","..","","48","Mil litros","..","","50","Mil litros","..","","14","Mil litros","..","","18","Mil litros","..","","18","Mil litros","..","","37","Mil litros","..","","51","Mil litros","..","","85","Mil litros","..","","83","Mil litros","..","","84","Mil litros","..","","80","Mil litros","..","","72","Mil litros","..","","69","Mil litros","..","","66","Mil litros","..","","55","Mil litros","..","","80","Mil litros","..","","90","Mil litros","..","","87","Mil litros","..","","403","Mil litros","..","","330","Mil litros"
"Fonte: IBGE - Pesquisa da Pecuária Municipal"

"Tabela 74 - Produção de origem animal, por tipo de produto"
"Variável - Valor da produção"
"Nível","Cód.","Município","Ano x Tipo de produto de origem animal"
"Nível","Cód.","Município","2004",,,,"2005",,,,"2006",,,,"2007",,,,"2008",,,,"2009",,,,"2010",,,,"2011",,,,"2012",,,,"2013",,,,"2014",,,,"2015",,,,"2016",,,,"2017",,,,"2018",,,,"2019",,,,"2020",,,,"2021",,,,"2022",,,,"2023",,,,"2024"
"Nível","Cód.","Município","Total",,"Leite",,"Total",,"Leite",,"Total",,"Leite",,"Total",,"Leite",,"Total",,"Leite",,"Total",,"Leite",,"Total",,"Leite",,"Total",,"Leite",,"Total",,"Leite",,"Total",,"Leite",,"Total",,"Leite",,"Total",,"Leite",,"Total",,"Leite",,"Total",,"Leite",,"Total",,"Leite",,"Total",,"Leite",,"Total",,"Leite",,"Total",,"Leite",,"Total",,"Leite",,"Total",,"Leite",,"Total",,"Leite"
"MU","1300029","Alvarães (AM)","73","Mil Reais","21","Mil Reais","75","Mil Reais","22","Mil Reais","80","Mil Reais","23","Mil Reais","39","Mil Reais","21","Mil Reais","...","Mil Reais","...","Mil Reais","...","Mil Reais","...","Mil Reais","120","Mil Reais","-","Mil Reais","110","Mil Reais","-","Mil Reais","137","Mil Reais","-","Mil Reais","151","Mil Reais","-","Mil Reais","148","Mil Reais","-","Mil Reais","116","Mil Reais","-","Mil Reais","81","Mil Reais","-","Mil Reais","77","Mil Reais","-","Mil Reais","72","Mil Reais","0","Mil Reais","71","Mil Reais","0","Mil Reais","81","Mil Reais","0","Mil Reais","83","Mil Reais","0","Mil Reais","88","Mil Reais","0","Mil Reais","66","Mil Reais","-","Mil Reais","61","Mil Reais","-","Mil Reais"
"MU","1300060","Amaturá (AM)","16","Mil Reais","7","Mil Reais","17","Mil Reais","7","Mil Reais","18","Mil Reais","8","Mil Reais","6","Mil Reais","6","Mil Reais","4","Mil Reais","4","Mil Reais","111","Mil Reais","111","Mil Reais","733","Mil Reais","630","Mil Reais","740","Mil Reais","645","Mil Reais","374","Mil Reais","250","Mil Reais","365","Mil Reais","250","Mil Reais","351","Mil Reais","193","Mil Reais","368","Mil Reais","126","Mil Reais","596","Mil Reais","96","Mil Reais","486","Mil Reais","11","Mil Reais","407","Mil Reais","4","Mil Reais","463","Mil Reais","4","Mil Reais","715","Mil Reais","4","Mil Reais","514","Mil Reais","-","Mil Reais","803","Mil Reais","-","Mil Reais","2694","Mil Reais","-","Mil Reais","2605","Mil Reais","-","Mil Reais"
"MU","1300086","Anamã (AM)","38","Mil Reais","11","Mil Reais","40","Mil Reais","12","Mil Reais","42","Mil Reais","12","Mil Reais","20","Mil Reais","19","Mil Reais","22","Mil Reais","22","Mil Reais","25","Mil Reais","25","Mil Reais","27","Mil Reais","23","Mil Reais","54","Mil Reais","45","Mil Reais","50","Mil Reais","43","Mil Reais","38","Mil Reais","34","Mil Reais","29","Mil Reais","25","Mil Reais","26","Mil Reais","23","Mil Reais","33","Mil Reais","29","Mil Reais","45","Mil Reais","36","Mil Reais","46","Mil Reais","37","Mil Reais","44","Mil Reais","35","Mil Reais","46","Mil Reais","38","Mil Reais","45","Mil Reais","34","Mil Reais","52","Mil Reais","39","Mil Reais","338","Mil Reais","50","Mil Reais","394","Mil Reais","54","Mil Reais"
"MU","1300102","Anori (AM)","59","Mil Reais","49","Mil Reais","60","Mil Reais","50","Mil Reais","63","Mil Reais","52","Mil Reais","50","Mil Reais","50","Mil Reais","91","Mil Reais","91","Mil Reais","101","Mil Reais","92","Mil Reais","227","Mil Reais","119","Mil Reais","399","Mil Reais","275","Mil Reais","270","Mil Reais","195","Mil Reais","189","Mil Reais","138","Mil Reais","221","Mil Reais","156","Mil Reais","224","Mil Reais","154","Mil Reais","221","Mil Reais","169","Mil Reais","147","Mil Reais","74","Mil Reais","162","Mil Reais","81","Mil Reais","155","Mil Reais","70","Mil Reais","149","Mil Reais","77","Mil Reais","173","Mil Reais","90","Mil Reais","193","Mil Reais","99","Mil Reais","750","Mil Reais","120","Mil Reais","1078","Mil Reais","158","Mil Reais"
"MU","1300144","Apuí (AM)","899","Mil Reais","677","Mil Reais","1088","Mil Reais","861","Mil Reais","1130","Mil Reais","887","Mil Reais","555","Mil Reais","525","Mil Reais","1357","Mil Reais","1347","Mil Reais","1376","Mil Reais","1365","Mil Reais","4404","Mil Reais","3713","Mil Reais","6234","Mil Reais","5337","Mil Reais","4812","Mil Reais","4185","Mil Reais","6377","Mil Reais","5224","Mil Reais","8138","Mil Reais","6150","Mil Reais","9497","Mil Reais","7500","Mil Reais","6300","Mil Reais","5200","Mil Reais","6158","Mil Reais","4125","Mil Reais","8900","Mil Reais","5670","Mil Reais","8762","Mil Reais","5850","Mil Reais","9959","Mil Reais","7128","Mil Reais","9396","Mil Reais","6655","Mil Reais","15919","Mil Reais","9218","Mil Reais","17442","Mil Reais","9500","Mil Reais","25290","Mil Reais","13065","Mil Reais"
"MU","1300201","Atalaia do Norte (AM)","15","Mil Reais","-","Mil Reais","16","Mil Reais","-","Mil Reais","17","Mil Reais","-","Mil Reais","22","Mil Reais","-","Mil Reais","26","Mil Reais","-","Mil Reais","31","Mil Reais","5","Mil Reais","173","Mil Reais","9","Mil Reais","229","Mil Reais","10","Mil Reais","168","Mil Reais","11","Mil Reais","96","Mil Reais","8","Mil Reais","189","Mil Reais","10","Mil Reais","146","Mil Reais","20","Mil Reais","125","Mil Reais","11","Mil Reais","426","Mil Reais","-","Mil Reais","156","Mil Reais","9","Mil Reais","621","Mil Reais","2","Mil Reais","355","Mil Reais","3","Mil Reais","530","Mil Reais","-","Mil Reais","539","Mil Reais","-","Mil Reais","535","Mil Reais","-","Mil Reais","638","Mil Reais","-","Mil Reais"
"MU","1300300","Autazes (AM)","7780","Mil Reais","7488","Mil Reais","8265","Mil Reais","7966","Mil Reais","8524","Mil Reais","8204","Mil Reais","3757","Mil Reais","3737","Mil Reais","8819","Mil Reais","8804","Mil Reais","8934","Mil Reais","8919","Mil Reais","9144","Mil Reais","9113","Mil Reais","8199","Mil Reais","8140","Mil Reais","11382","Mil Reais","11285","Mil Reais","9483","Mil Reais","9386","Mil Reais","9936","Mil Reais","9817","Mil Reais","14434","Mil Reais","14325","Mil Reais","15931","Mil Reais","15758","Mil Reais","14557","Mil Reais","14262","Mil Reais","17664","Mil Reais","17010","Mil Reais","15906","Mil Reais","15330","Mil Reais","18212","Mil Reais","17600","Mil Reais","21107","Mil Reais","20400","Mil Reais","32305","Mil Reais","31200","Mil Reais","33395","Mil Reais","32240","Mil Reais","32803","Mil Reais","31592","Mil Reais"
"MU","1300409","Barcelos (AM)","12","Mil Reais","12","Mil Reais","12","Mil Reais","12","Mil Reais","13","Mil Reais","13","Mil Reais","12","Mil Reais","12","Mil Reais","14","Mil Reais","14","Mil Reais","30","Mil Reais","30","Mil Reais","31","Mil Reais","23","Mil Reais","37","Mil Reais","23","Mil Reais","26","Mil Reais","6","Mil Reais","26","Mil Reais","7","Mil Reais","38","Mil Reais","7","Mil Reais","29","Mil Reais","-","Mil Reais","52","Mil Reais","-","Mil Reais","97","Mil Reais","1","Mil Reais","106","Mil Reais","1","Mil Reais","98","Mil Reais","-","Mil Reais","95","Mil Reais","-","Mil Reais","100","Mil Reais","-","Mil Reais","156","Mil Reais","-","Mil Reais","378","Mil Reais","-","Mil Reais","432","Mil Reais","-","Mil Reais"
"MU","1300508","Barreirinha (AM)","1274","Mil Reais","1265","Mil Reais","1303","Mil Reais","1294","Mil Reais","1349","Mil Reais","1339","Mil Reais","798","Mil Reais","752","Mil Reais","1059","Mil Reais","986","Mil Reais","1073","Mil Reais","999","Mil Reais","1624","Mil Reais","1348","Mil Reais","2004","Mil Reais","1600","Mil Reais","7020","Mil Reais","6600","Mil Reais","5861","Mil Reais","5288","Mil Reais","5524","Mil Reais","5024","Mil Reais","2608","Mil Reais","2160","Mil Reais","3888","Mil Reais","3240","Mil Reais","3059","Mil Reais","2160","Mil Reais","3331","Mil Reais","2363","Mil Reais","3528","Mil Reais","2520","Mil Reais","3780","Mil Reais","2697","Mil Reais","3847","Mil Reais","2698","Mil Reais","3897","Mil Reais","2813","Mil Reais","4797","Mil Reais","3800","Mil Reais","7131","Mil Reais","5400","Mil Reais"
"MU","1300607","Benjamin Constant (AM)","295","Mil Reais","38","Mil Reais","303","Mil Reais","38","Mil Reais","323","Mil Reais","40","Mil Reais","125","Mil Reais","13","Mil Reais","95","Mil Reais","32","Mil Reais","96","Mil Reais","32","Mil Reais","202","Mil Reais","89","Mil Reais","272","Mil Reais","83","Mil Reais","283","Mil Reais","52","Mil Reais","244","Mil Reais","52","Mil Reais","220","Mil Reais","43","Mil Reais","216","Mil Reais","44","Mil Reais","149","Mil Reais","24","Mil Reais","337","Mil Reais","11","Mil Reais","1838","Mil Reais","0","Mil Reais","1373","Mil Reais","0","Mil Reais","1718","Mil Reais","0","Mil Reais","1718","Mil Reais","0","Mil Reais","2486","Mil Reais","-","Mil Reais","2691","Mil Reais","-","Mil Reais","2704","Mil Reais","-","Mil Reais"
"MU","1300631","Beruri (AM)","42","Mil Reais","15","Mil Reais","44","Mil Reais","16","Mil Reais","48","Mil Reais","18","Mil Reais","3","Mil Reais","-","Mil Reais","4","Mil Reais","-","Mil Reais","155","Mil Reais","122","Mil Reais","135","Mil Reais","98","Mil Reais","166","Mil Reais","119","Mil Reais","88","Mil Reais","34","Mil Reais","82","Mil Reais","38","Mil Reais","104","Mil Reais","32","Mil Reais","...","Mil Reais","...","Mil Reais","27","Mil Reais","27","Mil Reais","10","Mil Reais","10","Mil Reais","37","Mil Reais","9","Mil Reais","721","Mil Reais","1","Mil Reais","600","Mil Reais","-","Mil Reais","524","Mil Reais","-","Mil Reais","689","Mil Reais","-","Mil Reais","356","Mil Reais","-","Mil Reais","614","Mil Reais","75","Mil Reais"
"MU","1300680","Boa Vista do Ramos (AM)","350","Mil Reais","340","Mil Reais","358","Mil Reais","348","Mil Reais","371","Mil Reais","360","Mil Reais","122","Mil Reais","113","Mil Reais","282","Mil Reais","207","Mil Reais","300","Mil Reais","224","Mil Reais","201","Mil Reais","157","Mil Reais","206","Mil Reais","139","Mil Reais","274","Mil Reais","183","Mil Reais","350","Mil Reais","236","Mil Reais","314","Mil Reais","217","Mil Reais","302","Mil Reais","202","Mil Reais","387","Mil Reais","237","Mil Reais","515","Mil Reais","297","Mil Reais","541","Mil Reais","321","Mil Reais","572","Mil Reais","334","Mil Reais","617","Mil Reais","369","Mil Reais","631","Mil Reais","370","Mil Reais","632","Mil Reais","338","Mil Reais","678","Mil Reais","376","Mil Reais","2826","Mil Reais","710","Mil Reais"
"MU","1300706","Boca do Acre (AM)","1660","Mil Reais","1580","Mil Reais","1540","Mil Reais","1458","Mil Reais","1596","Mil Reais","1509","Mil Reais","283","Mil Reais","248","Mil Reais","1727","Mil Reais","1643","Mil Reais","1047","Mil Reais","961","Mil Reais","1425","Mil Reais","1202","Mil Reais","1763","Mil Reais","1527","Mil Reais","3036","Mil Reais","2798","Mil Reais","2698","Mil Reais","2460","Mil Reais","2707","Mil Reais","2455","Mil Reais","2843","Mil Reais","2578","Mil Reais","2800","Mil Reais","2500","Mil Reais","2760","Mil Reais","2340","Mil Reais","5984","Mil Reais","5408","Mil Reais","4959","Mil Reais","4400","Mil Reais","4776","Mil Reais","4230","Mil Reais","5226","Mil Reais","4699","Mil Reais","4769","Mil Reais","4301","Mil Reais","13051","Mil Reais","12540","Mil Reais","18556","Mil Reais","17346","Mil Reais"
"MU","1300805","Borba (AM)","70","Mil Reais","39","Mil Reais","72","Mil Reais","40","Mil Reais","76","Mil Reais","42","Mil Reais","11","Mil Reais","4","Mil Reais","18","Mil Reais","8","Mil Reais","18","Mil Reais","8","Mil Reais","70","Mil Reais","25","Mil Reais","137","Mil Reais","56","Mil Reais","264","Mil Reais","180","Mil Reais","255","Mil Reais","175","Mil Reais","319","Mil Reais","135","Mil Reais","398","Mil Reais","153","Mil Reais","389","Mil Reais","140","Mil Reais","432","Mil Reais","142","Mil Reais","505","Mil Reais","170","Mil Reais","479","Mil Reais","175","Mil Reais","520","Mil Reais","238","Mil Reais","500","Mil Reais","233","Mil Reais","643","Mil Reais","304","Mil Reais","1014","Mil Reais","296","Mil Reais","2134","Mil Reais","986","Mil Reais"
"MU","1300839","Caapiranga (AM)","25","Mil Reais","22","Mil Reais","25","Mil Reais","22","Mil Reais","27","Mil Reais","24","Mil Reais","8","Mil Reais","-","Mil Reais","12","Mil Reais","-","Mil Reais","115","Mil Reais","102","Mil Reais","124","Mil Reais","77","Mil Reais","127","Mil Reais","78","Mil Reais","217","Mil Reais","163","Mil Reais","206","Mil Reais","88","Mil Reais","170","Mil Reais","45","Mil Reais","186","Mil Reais","90","Mil Reais","140","Mil Reais","11","Mil Reais","235","Mil Reais","18","Mil Reais","241","Mil Reais","18","Mil Reais","469","Mil Reais","18","Mil Reais","89","Mil Reais","20","Mil Reais","65","Mil Reais","-","Mil Reais","173","Mil Reais","-","Mil Reais","26","Mil Reais","-","Mil Reais","108","Mil Reais","-","Mil Reais"
"MU","1300904","Canutama (AM)","262","Mil Reais","232","Mil Reais","268","Mil Reais","237","Mil Reais","279","Mil Reais","246","Mil Reais","15","Mil Reais","6","Mil Reais","22","Mil Reais","4","Mil Reais","83","Mil Reais","64","Mil Reais","80","Mil Reais","57","Mil Reais","103","Mil Reais","61","Mil Reais","136","Mil Reais","61","Mil Reais","182","Mil Reais","90","Mil Reais","200","Mil Reais","89","Mil Reais","221","Mil Reais","95","Mil Reais","246","Mil Reais","103","Mil Reais","286","Mil Reais","120","Mil Reais","348","Mil Reais","150","Mil Reais","350","Mil Reais","157","Mil Reais","317","Mil Reais","141","Mil Reais","350","Mil Reais","146","Mil Reais","354","Mil Reais","146","Mil Reais","2858","Mil Reais","845","Mil Reais","3788","Mil Reais","1575","Mil Reais"
"MU","1301001","Carauari (AM)","145","Mil Reais","32","Mil Reais","137","Mil Reais","22","Mil Reais","147","Mil Reais","23","Mil Reais","317","Mil Reais","45","Mil Reais","147","Mil Reais","8","Mil Reais","150","Mil Reais","10","Mil Reais","153","Mil Reais","10","Mil Reais","160","Mil Reais","13","Mil Reais","118","Mil Reais","10","Mil Reais","144","Mil Reais","9","Mil Reais","15","Mil Reais","4","Mil Reais","148","Mil Reais","4","Mil Reais","110","Mil Reais","2","Mil Reais","174","Mil Reais","1","Mil Reais","189","Mil Reais","1","Mil Reais","911","Mil Reais","0","Mil Reais","1440","Mil Reais","-","Mil Reais","1440","Mil Reais","-","Mil Reais","2208","Mil Reais","-","Mil Reais","1818","Mil Reais","-","Mil Reais","3240","Mil Reais","-","Mil Reais"
"MU","1301100","Careiro (AM)","751","Mil Reais","647","Mil Reais","770","Mil Reais","663","Mil Reais","796","Mil Reais","682","Mil Reais","273","Mil Reais","194","Mil Reais","225","Mil Reais","225","Mil Reais","1470","Mil Reais","1470","Mil Reais","2086","Mil Reais","2046","Mil Reais","1327","Mil Reais","1260","Mil Reais","498","Mil Reais","418","Mil Reais","499","Mil Reais","450","Mil Reais","1487","Mil Reais","1408","Mil Reais","1346","Mil Reais","1296","Mil Reais","402","Mil Reais","304","Mil Reais","474","Mil Reais","358","Mil Reais","682","Mil Reais","454","Mil Reais","669","Mil Reais","109","Mil Reais","738","Mil Reais","114","Mil Reais","3310","Mil Reais","160","Mil Reais","3891","Mil Reais","225","Mil Reais","6334","Mil Reais","734","Mil Reais","5209","Mil Reais","709","Mil Reais"
"MU","1301159","Careiro da Várzea (AM)","6346","Mil Reais","6295","Mil Reais","6505","Mil Reais","6453","Mil Reais","6734","Mil Reais","6678","Mil Reais","4276","Mil Reais","4274","Mil Reais","5674","Mil Reais","5670","Mil Reais","6380","Mil Reais","6376","Mil Reais","7828","Mil Reais","7787","Mil Reais","8707","Mil Reais","8649","Mil Reais","10640","Mil Reais","10572","Mil Reais","10735","Mil Reais","10672","Mil Reais","12389","Mil Reais","12327","Mil Reais","13113","Mil Reais","13050","Mil Reais","13567","Mil Reais","13485","Mil Reais","11180","Mil Reais","11050","Mil Reais","10122","Mil Reais","9999","Mil Reais","9718","Mil Reais","9580","Mil Reais","11319","Mil Reais","11141","Mil Reais","12838","Mil Reais","12640","Mil Reais","16513","Mil Reais","16200","Mil Reais","18265","Mil Reais","18000","Mil Reais","20297","Mil Reais","20000","Mil Reais"
"MU","1301209","Coari (AM)","265","Mil Reais","105","Mil Reais","271","Mil Reais","107","Mil Reais","287","Mil Reais","111","Mil Reais","162","Mil Reais","104","Mil Reais","127","Mil Reais","127","Mil Reais","129","Mil Reais","129","Mil Reais","91","Mil Reais","60","Mil Reais","130","Mil Reais","84","Mil Reais","315","Mil Reais","68","Mil Reais","363","Mil Reais","77","Mil Reais","433","Mil Reais","85","Mil Reais","582","Mil Reais","80","Mil Reais","428","Mil Reais","83","Mil Reais","618","Mil Reais","90","Mil Reais","765","Mil Reais","94","Mil Reais","802","Mil Reais","79","Mil Reais","818","Mil Reais","80","Mil Reais","1193","Mil Reais","99","Mil Reais","1427","Mil Reais","86","Mil Reais","2514","Mil Reais","144","Mil Reais","3157","Mil Reais","108","Mil Reais"
"MU","1301308","Codajás (AM)","90","Mil Reais","72","Mil Reais","93","Mil Reais","74","Mil Reais","96","Mil Reais","76","Mil Reais","51","Mil Reais","51","Mil Reais","84","Mil Reais","84","Mil Reais","180","Mil Reais","178","Mil Reais","276","Mil Reais","222","Mil Reais","332","Mil Reais","255","Mil Reais","345","Mil Reais","158","Mil Reais","497","Mil Reais","250","Mil Reais","566","Mil Reais","210","Mil Reais","729","Mil Reais","420","Mil Reais","629","Mil Reais","452","Mil Reais","536","Mil Reais","338","Mil Reais","508","Mil Reais","326","Mil Reais","438","Mil Reais","280","Mil Reais","531","Mil Reais","380","Mil Reais","549","Mil Reais","315","Mil Reais","580","Mil Reais","344","Mil Reais","1231","Mil Reais","389","Mil Reais","1573","Mil Reais","450","Mil Reais"
"MU","1301407","Eirunepé (AM)","254","Mil Reais","22","Mil Reais","258","Mil Reais","19","Mil Reais","277","Mil Reais","22","Mil Reais","337","Mil Reais","42","Mil Reais","1051","Mil Reais","43","Mil Reais","252","Mil Reais","45","Mil Reais","295","Mil Reais","63","Mil Reais","342","Mil Reais","99","Mil Reais","570","Mil Reais","90","Mil Reais","346","Mil Reais","81","Mil Reais","310","Mil Reais","60","Mil Reais","308","Mil Reais","40","Mil Reais","418","Mil Reais","18","Mil Reais","521","Mil Reais","18","Mil Reais","305","Mil Reais","19","Mil Reais","259","Mil Reais","0","Mil Reais","385","Mil Reais","-","Mil Reais","324","Mil Reais","-","Mil Reais","308","Mil Reais","-","Mil Reais","350","Mil Reais","25","Mil Reais","2190","Mil Reais","1470","Mil Reais"
"MU","1301506","Envira (AM)","439","Mil Reais","322","Mil Reais","456","Mil Reais","336","Mil Reais","477","Mil Reais","348","Mil Reais","422","Mil Reais","323","Mil Reais","542","Mil Reais","507","Mil Reais","592","Mil Reais","555","Mil Reais","337","Mil Reais","162","Mil Reais","662","Mil Reais","398","Mil Reais","782","Mil Reais","201","Mil Reais","735","Mil Reais","195","Mil Reais","486","Mil Reais","108","Mil Reais","720","Mil Reais","120","Mil Reais","668","Mil Reais","148","Mil Reais","782","Mil Reais","270","Mil Reais","852","Mil Reais","276","Mil Reais","759","Mil Reais","263","Mil Reais","646","Mil Reais","86","Mil Reais","1152","Mil Reais","96","Mil Reais","1284","Mil Reais","130","Mil Reais","3369","Mil Reais","367","Mil Reais","1926","Mil Reais","462","Mil Reais"
"MU","1301605","Fonte Boa (AM)","180","Mil Reais","54","Mil Reais","178","Mil Reais","49","Mil Reais","191","Mil Reais","53","Mil Reais","11","Mil Reais","-","Mil Reais","15","Mil Reais","-","Mil Reais","15","Mil Reais","-","Mil Reais","793","Mil Reais","712","Mil Reais","909","Mil Reais","810","Mil Reais","616","Mil Reais","520","Mil Reais","537","Mil Reais","440","Mil Reais","251","Mil Reais","144","Mil Reais","284","Mil Reais","173","Mil Reais","302","Mil Reais","234","Mil Reais","261","Mil Reais","196","Mil Reais","219","Mil Reais","161","Mil Reais","200","Mil Reais","142","Mil Reais","204","Mil Reais","143","Mil Reais","213","Mil Reais","152","Mil Reais","223","Mil Reais","163","Mil Reais","249","Mil Reais","90","Mil Reais","301","Mil Reais","96","Mil Reais"
"MU","1301654","Guajará (AM)","449","Mil Reais","391","Mil Reais","539","Mil Reais","480","Mil Reais","559","Mil Reais","496","Mil Reais","686","Mil Reais","546","Mil Reais","803","Mil Reais","637","Mil Reais","889","Mil Reais","711","Mil Reais","645","Mil Reais","450","Mil Reais","597","Mil Reais","440","Mil Reais","563","Mil Reais","378","Mil Reais","510","Mil Reais","312","Mil Reais","497","Mil Reais","297","Mil Reais","777","Mil Reais","297","Mil Reais","765","Mil Reais","432","Mil Reais","914","Mil Reais","446","Mil Reais","935","Mil Reais","485","Mil Reais","641","Mil Reais","452","Mil Reais","718","Mil Reais","490","Mil Reais","345","Mil Reais","256","Mil Reais","389","Mil Reais","109","Mil Reais","2029","Mil Reais","182","Mil Reais","1978","Mil Reais","442","Mil Reais"
"MU","1301704","Humaitá (AM)","43","Mil Reais","25","Mil Reais","45","Mil Reais","27","Mil Reais","48","Mil Reais","28","Mil Reais","106","Mil Reais","106","Mil Reais","228","Mil Reais","228","Mil Reais","231","Mil Reais","231","Mil Reais","365","Mil Reais","230","Mil Reais","712","Mil Reais","420","Mil Reais","519","Mil Reais","251","Mil Reais","288","Mil Reais","195","Mil Reais","412","Mil Reais","210","Mil Reais","436","Mil Reais","238","Mil Reais","408","Mil Reais","210","Mil Reais","557","Mil Reais","315","Mil Reais","943","Mil Reais","684","Mil Reais","713","Mil Reais","418","Mil Reais","759","Mil Reais","437","Mil Reais","849","Mil Reais","483","Mil Reais","1278","Mil Reais","723","Mil Reais","2854","Mil Reais","1342","Mil Reais","5438","Mil Reais","3240","Mil Reais"
"MU","1301803","Ipixuna (AM)","268","Mil Reais","214","Mil Reais","276","Mil Reais","220","Mil Reais","288","Mil Reais","228","Mil Reais","392","Mil Reais","256","Mil Reais","348","Mil Reais","335","Mil Reais","383","Mil Reais","370","Mil Reais","232","Mil Reais","222","Mil Reais","198","Mil Reais","180","Mil Reais","229","Mil Reais","216","Mil Reais","248","Mil Reais","232","Mil Reais","259","Mil Reais","237","Mil Reais","202","Mil Reais","-","Mil Reais","68","Mil Reais","-","Mil Reais","45","Mil Reais","1","Mil Reais","54","Mil Reais","2","Mil Reais","57","Mil Reais","4","Mil Reais","6","Mil Reais","6","Mil Reais","...","Mil Reais","...","Mil Reais","...","Mil Reais","...","Mil Reais","330","Mil Reais","-","Mil Reais","420","Mil Reais","-","Mil Reais"
"MU","1301852","Iranduba (AM)","4878","Mil Reais","168","Mil Reais","6796","Mil Reais","172","Mil Reais","8195","Mil Reais","178","Mil Reais","8021","Mil Reais","41","Mil Reais","8568","Mil Reais","83","Mil Reais","8779","Mil Reais","174","Mil Reais","15587","Mil Reais","578","Mil Reais","19105","Mil Reais","608","Mil Reais","19529","Mil Reais","923","Mil Reais","19520","Mil Reais","553","Mil Reais","26049","Mil Reais","848","Mil Reais","15671","Mil Reais","687","Mil Reais","15953","Mil Reais","340","Mil Reais","15739","Mil Reais","504","Mil Reais","25999","Mil Reais","648","Mil Reais","25425","Mil Reais","301","Mil Reais","33890","Mil Reais","464","Mil Reais","56614","Mil Reais","842","Mil Reais","37262","Mil Reais","925","Mil Reais","42525","Mil Reais","875","Mil Reais","45048","Mil Reais","1101","Mil Reais"
"MU","1301902","Itacoatiara (AM)","5986","Mil Reais","4998","Mil Reais","6315","Mil Reais","5123","Mil Reais","6738","Mil Reais","5302","Mil Reais","2823","Mil Reais","1265","Mil Reais","8126","Mil Reais","6465","Mil Reais","8232","Mil Reais","6550","Mil Reais","10757","Mil Reais","7886","Mil Reais","13310","Mil Reais","9328","Mil Reais","16064","Mil Reais","11194","Mil Reais","16486","Mil Reais","11200","Mil Reais","18968","Mil Reais","10500","Mil Reais","10969","Mil Reais","6694","Mil Reais","9837","Mil Reais","5556","Mil Reais","9924","Mil Reais","5955","Mil Reais","10248","Mil Reais","5688","Mil Reais","9708","Mil Reais","4932","Mil Reais","8260","Mil Reais","3740","Mil Reais","8756","Mil Reais","3696","Mil Reais","8910","Mil Reais","3000","Mil Reais","10466","Mil Reais","6510","Mil Reais","14452","Mil Reais","10191","Mil Reais"
"MU","1301951","Itamarati (AM)","59","Mil Reais","27","Mil Reais","61","Mil Reais","28","Mil Reais","64","Mil Reais","29","Mil Reais","6","Mil Reais","-","Mil Reais","7","Mil Reais","-","Mil Reais","261","Mil Reais","254","Mil Reais","422","Mil Reais","391","Mil Reais","524","Mil Reais","488","Mil Reais","52","Mil Reais","26","Mil Reais","49","Mil Reais","24","Mil Reais","4","Mil Reais","-","Mil Reais","137","Mil Reais","9","Mil Reais","17","Mil Reais","2","Mil Reais","52","Mil Reais","4","Mil Reais","49","Mil Reais","2","Mil Reais","48","Mil Reais","0","Mil Reais","4","Mil Reais","-","Mil Reais","...","Mil Reais","...","Mil Reais","...","Mil Reais","...","Mil Reais","143","Mil Reais","-","Mil Reais","182","Mil Reais","-","Mil Reais"
"MU","1302009","Itapiranga (AM)","348","Mil Reais","344","Mil Reais","356","Mil Reais","352","Mil Reais","369","Mil Reais","365","Mil Reais","3","Mil Reais","3","Mil Reais","4","Mil Reais","3","Mil Reais","17","Mil Reais","4","Mil Reais","64","Mil Reais","11","Mil Reais","97","Mil Reais","50","Mil Reais","94","Mil Reais","50","Mil Reais","73","Mil Reais","44","Mil Reais","108","Mil Reais","54","Mil Reais","262","Mil Reais","72","Mil Reais","330","Mil Reais","144","Mil Reais","313","Mil Reais","130","Mil Reais","376","Mil Reais","156","Mil Reais","480","Mil Reais","177","Mil Reais","522","Mil Reais","206","Mil Reais","683","Mil Reais","266","Mil Reais","705","Mil Reais","269","Mil Reais","742","Mil Reais","283","Mil Reais","955","Mil Reais","383","Mil Reais"
"MU","1302108","Japurá (AM)","2","Mil Reais","-","Mil Reais","3","Mil Reais","-","Mil Reais","3","Mil Reais","-","Mil Reais","3","Mil Reais","-","Mil Reais","...","Mil Reais","...","Mil Reais","...","Mil Reais","...","Mil Reais","168","Mil Reais","158","Mil Reais","179","Mil Reais","166","Mil Reais","71","Mil Reais","53","Mil Reais","84","Mil Reais","63","Mil Reais","159","Mil Reais","33","Mil Reais","176","Mil Reais","45","Mil Reais","91","Mil Reais","37","Mil Reais","92","Mil Reais","28","Mil Reais","98","Mil Reais","33","Mil Reais","89","Mil Reais","29","Mil Reais","98","Mil Reais","32","Mil Reais","94","Mil Reais","30","Mil Reais","96","Mil Reais","32","Mil Reais","1003","Mil Reais","108","Mil Reais","1298","Mil Reais","275","Mil Reais"
"MU","1302207","Juruá (AM)","7","Mil Reais","-","Mil Reais","7","Mil Reais","-","Mil Reais","7","Mil Reais","-","Mil Reais","...","Mil Reais","...","Mil Reais","...","Mil Reais","...","Mil Reais","...","Mil Reais","...","Mil Reais","20","Mil Reais","14","Mil Reais","18","Mil Reais","14","Mil Reais","27","Mil Reais","11","Mil Reais","20","Mil Reais","10","Mil Reais","28","Mil Reais","4","Mil Reais","77","Mil Reais","-","Mil Reais","180","Mil Reais","-","Mil Reais","684","Mil Reais","-","Mil Reais","715","Mil Reais","1","Mil Reais","611","Mil Reais","1","Mil Reais","638","Mil Reais","1","Mil Reais","589","Mil Reais","1","Mil Reais","561","Mil Reais","-","Mil Reais","552","Mil Reais","-","Mil Reais","671","Mil Reais","25","Mil Reais"
"MU","1302306","Jutaí (AM)","60","Mil Reais","-","Mil Reais","62","Mil Reais","-","Mil Reais","66","Mil Reais","-","Mil Reais","243","Mil Reais","13","Mil Reais","362","Mil Reais","15","Mil Reais","367","Mil Reais","15","Mil Reais","843","Mil Reais","24","Mil Reais","756","Mil Reais","34","Mil Reais","428","Mil Reais","34","Mil Reais","310","Mil Reais","36","Mil Reais","369","Mil Reais","27","Mil Reais","409","Mil Reais","54","Mil Reais","459","Mil Reais","86","Mil Reais","420","Mil Reais","80","Mil Reais","347","Mil Reais","76","Mil Reais","254","Mil Reais","50","Mil Reais","264","Mil Reais","53","Mil Reais","254","Mil Reais","54","Mil Reais","309","Mil Reais","75","Mil Reais","119","Mil Reais","60","Mil Reais","192","Mil Reais","117","Mil Reais"
"MU","1302405","Lábrea (AM)","354","Mil Reais","127","Mil Reais","390","Mil Reais","132","Mil Reais","449","Mil Reais","136","Mil Reais","1028","Mil Reais","74","Mil Reais","1862","Mil Reais","129","Mil Reais","2247","Mil Reais","490","Mil Reais","2261","Mil Reais","542","Mil Reais","2598","Mil Reais","637","Mil Reais","3403","Mil Reais","1312","Mil Reais","2797","Mil Reais","1065","Mil Reais","3253","Mil Reais","1409","Mil Reais","1688","Mil Reais","581","Mil Reais","1785","Mil Reais","581","Mil Reais","2090","Mil Reais","700","Mil Reais","2229","Mil Reais","825","Mil Reais","2281","Mil Reais","800","Mil Reais","2641","Mil Reais","836","Mil Reais","2680","Mil Reais","821","Mil Reais","2919","Mil Reais","864","Mil Reais","4303","Mil Reais","2130","Mil Reais","5863","Mil Reais","2440","Mil Reais"
"MU","1302504","Manacapuru (AM)","1536","Mil Reais","831","Mil Reais","1724","Mil Reais","850","Mil Reais","1806","Mil Reais","880","Mil Reais","1107","Mil Reais","164","Mil Reais","2287","Mil Reais","662","Mil Reais","1145","Mil Reais","38","Mil Reais","3906","Mil Reais","117","Mil Reais","5062","Mil Reais","470","Mil Reais","5304","Mil Reais","1098","Mil Reais","5292","Mil Reais","915","Mil Reais","5313","Mil Reais","870","Mil Reais","8301","Mil Reais","1000","Mil Reais","9133","Mil Reais","1125","Mil Reais","9636","Mil Reais","599","Mil Reais","15771","Mil Reais","1065","Mil Reais","13816","Mil Reais","1132","Mil Reais","20125","Mil Reais","918","Mil Reais","35506","Mil Reais","1089","Mil Reais","20051","Mil Reais","1000","Mil Reais","49717","Mil Reais","2380","Mil Reais","68078","Mil Reais","3285","Mil Reais"
"MU","1302553","Manaquiri (AM)","192","Mil Reais","139","Mil Reais","197","Mil Reais","142","Mil Reais","205","Mil Reais","147","Mil Reais","1","Mil Reais","1","Mil Reais","30","Mil Reais","30","Mil Reais","480","Mil Reais","480","Mil Reais","654","Mil Reais","620","Mil Reais","1087","Mil Reais","1051","Mil Reais","511","Mil Reais","440","Mil Reais","432","Mil Reais","371","Mil Reais","286","Mil Reais","225","Mil Reais","551","Mil Reais","171","Mil Reais","553","Mil Reais","162","Mil Reais","528","Mil Reais","115","Mil Reais","1157","Mil Reais","162","Mil Reais","1358","Mil Reais","186","Mil Reais","1551","Mil Reais","238","Mil Reais","2135","Mil Reais","273","Mil Reais","2534","Mil Reais","322","Mil Reais","2140","Mil Reais","315","Mil Reais","3411","Mil Reais","1366","Mil Reais"
"MU","1302603","Manaus (AM)","30041","Mil Reais","1305","Mil Reais","36857","Mil Reais","1336","Mil Reais","46580","Mil Reais","1382","Mil Reais","50349","Mil Reais","290","Mil Reais","54747","Mil Reais","452","Mil Reais","70135","Mil Reais","458","Mil Reais","123300","Mil Reais","1217","Mil Reais","133550","Mil Reais","1287","Mil Reais","124294","Mil Reais","1078","Mil Reais","123814","Mil Reais","1058","Mil Reais","148664","Mil Reais","677","Mil Reais","126317","Mil Reais","747","Mil Reais","93357","Mil Reais","972","Mil Reais","89613","Mil Reais","500","Mil Reais","123054","Mil Reais","420","Mil Reais","150241","Mil Reais","581","Mil Reais","143131","Mil Reais","529","Mil Reais","202228","Mil Reais","720","Mil Reais","221093","Mil Reais","813","Mil Reais","296854","Mil Reais","1511","Mil Reais","328984","Mil Reais","3420","Mil Reais"
"MU","1302702","Manicoré (AM)","447","Mil Reais","264","Mil Reais","498","Mil Reais","309","Mil Reais","519","Mil Reais","318","Mil Reais","726","Mil Reais","683","Mil Reais","543","Mil Reais","513","Mil Reais","552","Mil Reais","521","Mil Reais","1488","Mil Reais","1466","Mil Reais","1697","Mil Reais","1380","Mil Reais","1918","Mil Reais","1560","Mil Reais","1715","Mil Reais","1412","Mil Reais","4162","Mil Reais","3796","Mil Reais","4145","Mil Reais","3757","Mil Reais","4370","Mil Reais","3924","Mil Reais","4856","Mil Reais","4450","Mil Reais","4599","Mil Reais","4160","Mil Reais","4447","Mil Reais","4095","Mil Reais","4152","Mil Reais","3795","Mil Reais","4336","Mil Reais","4000","Mil Reais","6680","Mil Reais","6311","Mil Reais","7273","Mil Reais","6831","Mil Reais","6959","Mil Reais","6510","Mil Reais"
"MU","1302801","Maraã (AM)","6","Mil Reais","6","Mil Reais","6","Mil Reais","6","Mil Reais","7","Mil Reais","7","Mil Reais","...","Mil Reais","...","Mil Reais","...","Mil Reais","...","Mil Reais","...","Mil Reais","...","Mil Reais","468","Mil Reais","-","Mil Reais","515","Mil Reais","-","Mil Reais","480","Mil Reais","-","Mil Reais","267","Mil Reais","-","Mil Reais","195","Mil Reais","-","Mil Reais","171","Mil Reais","-","Mil Reais","170","Mil Reais","-","Mil Reais","164","Mil Reais","-","Mil Reais","214","Mil Reais","7","Mil Reais","147","Mil Reais","6","Mil Reais","154","Mil Reais","7","Mil Reais","144","Mil Reais","6","Mil Reais","140","Mil Reais","7","Mil Reais","552","Mil Reais","-","Mil Reais","546","Mil Reais","58","Mil Reais"
"MU","1302900","Maués (AM)","295","Mil Reais","247","Mil Reais","301","Mil Reais","252","Mil Reais","313","Mil Reais","261","Mil Reais","144","Mil Reais","94","Mil Reais","1414","Mil Reais","1248","Mil Reais","1433","Mil Reais","1265","Mil Reais","2603","Mil Reais","2051","Mil Reais","3178","Mil Reais","2663","Mil Reais","1353","Mil Reais","1008","Mil Reais","1655","Mil Reais","1246","Mil Reais","4471","Mil Reais","3472","Mil Reais","2537","Mil Reais","1667","Mil Reais","2477","Mil Reais","1628","Mil Reais","1835","Mil Reais","883","Mil Reais","2049","Mil Reais","778","Mil Reais","2247","Mil Reais","788","Mil Reais","2586","Mil Reais","864","Mil Reais","2702","Mil Reais","555","Mil Reais","3035","Mil Reais","605","Mil Reais","3012","Mil Reais","596","Mil Reais","3521","Mil Reais","945","Mil Reais"
"MU","1303007","Nhamundá (AM)","441","Mil Reais","439","Mil Reais","451","Mil Reais","449","Mil Reais","467","Mil Reais","465","Mil Reais","119","Mil Reais","92","Mil Reais","15","Mil Reais","15","Mil Reais","15","Mil Reais","15","Mil Reais","25","Mil Reais","25","Mil Reais","56","Mil Reais","47","Mil Reais","148","Mil Reais","123","Mil Reais","198","Mil Reais","165","Mil Reais","214","Mil Reais","181","Mil Reais","78","Mil Reais","53","Mil Reais","226","Mil Reais","178","Mil Reais","228","Mil Reais","145","Mil Reais","263","Mil Reais","177","Mil Reais","272","Mil Reais","183","Mil Reais","402","Mil Reais","312","Mil Reais","426","Mil Reais","328","Mil Reais","475","Mil Reais","349","Mil Reais","646","Mil Reais","530","Mil Reais","1834","Mil Reais","1620","Mil Reais"
"MU","1303106","Nova Olinda do Norte (AM)","48","Mil Reais","12","Mil Reais","49","Mil Reais","12","Mil Reais","52","Mil Reais","13","Mil Reais","33","Mil Reais","27","Mil Reais","19","Mil Reais","5","Mil Reais","20","Mil Reais","6","Mil Reais","42","Mil Reais","13","Mil Reais","75","Mil Reais","23","Mil Reais","431","Mil Reais","402","Mil Reais","507","Mil Reais","462","Mil Reais","2441","Mil Reais","2380","Mil Reais","2727","Mil Reais","2656","Mil Reais","3603","Mil Reais","3515","Mil Reais","4325","Mil Reais","4110","Mil Reais","4442","Mil Reais","4200","Mil Reais","3640","Mil Reais","3420","Mil Reais","3666","Mil Reais","3475","Mil Reais","3484","Mil Reais","3304","Mil Reais","3675","Mil Reais","3451","Mil Reais","3810","Mil Reais","3480","Mil Reais","5200","Mil Reais","4290","Mil Reais"
"MU","1303205","Novo Airão (AM)","26","Mil Reais","26","Mil Reais","36","Mil Reais","36","Mil Reais","39","Mil Reais","39","Mil Reais","9","Mil Reais","8","Mil Reais","10","Mil Reais","8","Mil Reais","59","Mil Reais","59","Mil Reais","76","Mil Reais","51","Mil Reais","92","Mil Reais","61","Mil Reais","101","Mil Reais","75","Mil Reais","148","Mil Reais","96","Mil Reais","216","Mil Reais","96","Mil Reais","392","Mil Reais","72","Mil Reais","346","Mil Reais","37","Mil Reais","385","Mil Reais","75","Mil Reais","565","Mil Reais","25","Mil Reais","629","Mil Reais","42","Mil Reais","784","Mil Reais","18","Mil Reais","857","Mil Reais","-","Mil Reais","1589","Mil Reais","-","Mil Reais","2311","Mil Reais","65","Mil Reais","2546","Mil Reais","319","Mil Reais"
"MU","1303304","Novo Aripuanã (AM)","554","Mil Reais","412","Mil Reais","567","Mil Reais","422","Mil Reais","592","Mil Reais","437","Mil Reais","52","Mil Reais","44","Mil Reais","593","Mil Reais","560","Mil Reais","601","Mil Reais","567","Mil Reais","234","Mil Reais","183","Mil Reais","253","Mil Reais","207","Mil Reais","334","Mil Reais","231","Mil Reais","371","Mil Reais","272","Mil Reais","349","Mil Reais","267","Mil Reais","400","Mil Reais","288","Mil Reais","601","Mil Reais","383","Mil Reais","1349","Mil Reais","193","Mil Reais","1553","Mil Reais","276","Mil Reais","1261","Mil Reais","240","Mil Reais","1129","Mil Reais","265","Mil Reais","1079","Mil Reais","278","Mil Reais","1079","Mil Reais","336","Mil Reais","2336","Mil Reais","1531","Mil Reais","2618","Mil Reais","1773","Mil Reais"
"MU","1303403","Parintins (AM)","5052","Mil Reais","4560","Mil Reais","5303","Mil Reais","4797","Mil Reais","5506","Mil Reais","4965","Mil Reais","2611","Mil Reais","2139","Mil Reais","11413","Mil Reais","10631","Mil Reais","11546","Mil Reais","10759","Mil Reais","15649","Mil Reais","14738","Mil Reais","18153","Mil Reais","16232","Mil Reais","9530","Mil Reais","7840","Mil Reais","11521","Mil Reais","9375","Mil Reais","11639","Mil Reais","8438","Mil Reais","8879","Mil Reais","7670","Mil Reais","7738","Mil Reais","5685","Mil Reais","6620","Mil Reais","4738","Mil Reais","6611","Mil Reais","4718","Mil Reais","7572","Mil Reais","5472","Mil Reais","7918","Mil Reais","5775","Mil Reais","9895","Mil Reais","7195","Mil Reais","11081","Mil Reais","8640","Mil Reais","10598","Mil Reais","8084","Mil Reais","17171","Mil Reais","14616","Mil Reais"
"MU","1303502","Pauini (AM)","104","Mil Reais","69","Mil Reais","92","Mil Reais","56","Mil Reais","97","Mil Reais","58","Mil Reais","69","Mil Reais","43","Mil Reais","416","Mil Reais","95","Mil Reais","453","Mil Reais","128","Mil Reais","581","Mil Reais","233","Mil Reais","578","Mil Reais","248","Mil Reais","480","Mil Reais","225","Mil Reais","517","Mil Reais","210","Mil Reais","1002","Mil Reais","750","Mil Reais","1304","Mil Reais","800","Mil Reais","1072","Mil Reais","780","Mil Reais","1332","Mil Reais","750","Mil Reais","1375","Mil Reais","775","Mil Reais","1281","Mil Reais","732","Mil Reais","1219","Mil Reais","682","Mil Reais","1262","Mil Reais","670","Mil Reais","1358","Mil Reais","725","Mil Reais","1333","Mil Reais","672","Mil Reais","1383","Mil Reais","612","Mil Reais"
"MU","1303536","Presidente Figueiredo (AM)","354","Mil Reais","308","Mil Reais","362","Mil Reais","315","Mil Reais","376","Mil Reais","326","Mil Reais","257","Mil Reais","129","Mil Reais","322","Mil Reais","137","Mil Reais","326","Mil Reais","139","Mil Reais","401","Mil Reais","192","Mil Reais","498","Mil Reais","294","Mil Reais","583","Mil Reais","361","Mil Reais","591","Mil Reais","322","Mil Reais","670","Mil Reais","350","Mil Reais","677","Mil Reais","375","Mil Reais","791","Mil Reais","434","Mil Reais","751","Mil Reais","345","Mil Reais","671","Mil Reais","227","Mil Reais","838","Mil Reais","249","Mil Reais","1165","Mil Reais","251","Mil Reais","3194","Mil Reais","420","Mil Reais","4982","Mil Reais","499","Mil Reais","10908","Mil Reais","453","Mil Reais","11393","Mil Reais","1174","Mil Reais"
"MU","1303569","Rio Preto da Eva (AM)","1968","Mil Reais","364","Mil Reais","2130","Mil Reais","373","Mil Reais","2248","Mil Reais","385","Mil Reais","2044","Mil Reais","49","Mil Reais","1600","Mil Reais","56","Mil Reais","1115","Mil Reais","57","Mil Reais","2390","Mil Reais","183","Mil Reais","1851","Mil Reais","106","Mil Reais","2683","Mil Reais","115","Mil Reais","2387","Mil Reais","144","Mil Reais","2535","Mil Reais","160","Mil Reais","5467","Mil Reais","234","Mil Reais","3533","Mil Reais","84","Mil Reais","4149","Mil Reais","44","Mil Reais","5352","Mil Reais","70","Mil Reais","6861","Mil Reais","87","Mil Reais","5317","Mil Reais","74","Mil Reais","6671","Mil Reais","115","Mil Reais","9895","Mil Reais","132","Mil Reais","12059","Mil Reais","216","Mil Reais","13480","Mil Reais","208","Mil Reais"
"MU","1303601","Santa Isabel do Rio Negro (AM)","23","Mil Reais","11","Mil Reais","24","Mil Reais","12","Mil Reais","26","Mil Reais","13","Mil Reais","...","Mil Reais","...","Mil Reais","22","Mil Reais","20","Mil Reais","23","Mil Reais","20","Mil Reais","68","Mil Reais","31","Mil Reais","78","Mil Reais","32","Mil Reais","82","Mil Reais","34","Mil Reais","110","Mil Reais","15","Mil Reais","82","Mil Reais","14","Mil Reais","...","Mil Reais","...","Mil Reais","...","Mil Reais","...","Mil Reais","...","Mil Reais","...","Mil Reais","1","Mil Reais","1","Mil Reais","0","Mil Reais","0","Mil Reais","1","Mil Reais","-","Mil Reais","3","Mil Reais","-","Mil Reais","...","Mil Reais","...","Mil Reais","351","Mil Reais","-","Mil Reais","520","Mil Reais","-","Mil Reais"
"MU","1303700","Santo Antônio do Içá (AM)","83","Mil Reais","-","Mil Reais","85","Mil Reais","-","Mil Reais","91","Mil Reais","-","Mil Reais","20","Mil Reais","-","Mil Reais","23","Mil Reais","-","Mil Reais","23","Mil Reais","-","Mil Reais","289","Mil Reais","231","Mil Reais","288","Mil Reais","225","Mil Reais","298","Mil Reais","230","Mil Reais","327","Mil Reais","250","Mil Reais","300","Mil Reais","180","Mil Reais","284","Mil Reais","168","Mil Reais","495","Mil Reais","200","Mil Reais","330","Mil Reais","-","Mil Reais","536","Mil Reais","72","Mil Reais","269","Mil Reais","3","Mil Reais","387","Mil Reais","3","Mil Reais","22","Mil Reais","-","Mil Reais","24","Mil Reais","-","Mil Reais","1204","Mil Reais","-","Mil Reais","1905","Mil Reais","-","Mil Reais"
"MU","1303809","São Gabriel da Cachoeira (AM)","24","Mil Reais","-","Mil Reais","25","Mil Reais","-","Mil Reais","26","Mil Reais","-","Mil Reais","...","Mil Reais","...","Mil Reais","...","Mil Reais","...","Mil Reais","16","Mil Reais","16","Mil Reais","85","Mil Reais","36","Mil Reais","116","Mil Reais","48","Mil Reais","175","Mil Reais","44","Mil Reais","109","Mil Reais","12","Mil Reais","120","Mil Reais","10","Mil Reais","110","Mil Reais","10","Mil Reais","116","Mil Reais","11","Mil Reais","169","Mil Reais","-","Mil Reais","190","Mil Reais","21","Mil Reais","178","Mil Reais","26","Mil Reais","231","Mil Reais","28","Mil Reais","245","Mil Reais","35","Mil Reais","388","Mil Reais","55","Mil Reais","180","Mil Reais","-","Mil Reais","500","Mil Reais","-","Mil Reais"
"MU","1303908","São Paulo de Olivença (AM)","71","Mil Reais","19","Mil Reais","74","Mil Reais","20","Mil Reais","77","Mil Reais","20","Mil Reais","3","Mil Reais","-","Mil Reais","...","Mil Reais","...","Mil Reais","31","Mil Reais","31","Mil Reais","129","Mil Reais","86","Mil Reais","162","Mil Reais","86","Mil Reais","159","Mil Reais","73","Mil Reais","607","Mil Reais","63","Mil Reais","642","Mil Reais","47","Mil Reais","643","Mil Reais","43","Mil Reais","675","Mil Reais","41","Mil Reais","918","Mil Reais","-","Mil Reais","607","Mil Reais","-","Mil Reais","769","Mil Reais","72","Mil Reais","884","Mil Reais","72","Mil Reais","1236","Mil Reais","-","Mil Reais","3734","Mil Reais","-","Mil Reais","648","Mil Reais","-","Mil Reais","904","Mil Reais","-","Mil Reais"
"MU","1303957","São Sebastião do Uatumã (AM)","23","Mil Reais","13","Mil Reais","25","Mil Reais","14","Mil Reais","25","Mil Reais","14","Mil Reais","3","Mil Reais","-","Mil Reais","23","Mil Reais","17","Mil Reais","23","Mil Reais","17","Mil Reais","97","Mil Reais","76","Mil Reais","140","Mil Reais","113","Mil Reais","111","Mil Reais","70","Mil Reais","123","Mil Reais","80","Mil Reais","125","Mil Reais","80","Mil Reais","147","Mil Reais","90","Mil Reais","127","Mil Reais","74","Mil Reais","227","Mil Reais","84","Mil Reais","219","Mil Reais","76","Mil Reais","308","Mil Reais","65","Mil Reais","359","Mil Reais","90","Mil Reais","235","Mil Reais","90","Mil Reais","266","Mil Reais","100","Mil Reais","352","Mil Reais","167","Mil Reais","361","Mil Reais","167","Mil Reais"
"MU","1304005","Silves (AM)","392","Mil Reais","191","Mil Reais","402","Mil Reais","196","Mil Reais","422","Mil Reais","202","Mil Reais","131","Mil Reais","122","Mil Reais","50","Mil Reais","39","Mil Reais","52","Mil Reais","41","Mil Reais","156","Mil Reais","138","Mil Reais","253","Mil Reais","201","Mil Reais","288","Mil Reais","225","Mil Reais","491","Mil Reais","396","Mil Reais","398","Mil Reais","350","Mil Reais","361","Mil Reais","272","Mil Reais","477","Mil Reais","400","Mil Reais","831","Mil Reais","483","Mil Reais","892","Mil Reais","527","Mil Reais","1013","Mil Reais","646","Mil Reais","1095","Mil Reais","675","Mil Reais","960","Mil Reais","720","Mil Reais","986","Mil Reais","762","Mil Reais","1048","Mil Reais","787","Mil Reais","1101","Mil Reais","830","Mil Reais"
"MU","1304062","Tabatinga (AM)","67","Mil Reais","49","Mil Reais","56","Mil Reais","38","Mil Reais","59","Mil Reais","40","Mil Reais","...","Mil Reais","...","Mil Reais","...","Mil Reais","...","Mil Reais","68","Mil Reais","68","Mil Reais","104","Mil Reais","72","Mil Reais","94","Mil Reais","72","Mil Reais","158","Mil Reais","23","Mil Reais","222","Mil Reais","90","Mil Reais","188","Mil Reais","32","Mil Reais","188","Mil Reais","32","Mil Reais","567","Mil Reais","38","Mil Reais","649","Mil Reais","42","Mil Reais","2427","Mil Reais","43","Mil Reais","2792","Mil Reais","14","Mil Reais","3676","Mil Reais","14","Mil Reais","5222","Mil Reais","20","Mil Reais","6784","Mil Reais","-","Mil Reais","6729","Mil Reais","-","Mil Reais","13537","Mil Reais","-","Mil Reais"
"MU","1304104","Tapauá (AM)","2","Mil Reais","-","Mil Reais","2","Mil Reais","-","Mil Reais","2","Mil Reais","-","Mil Reais","3","Mil Reais","-","Mil Reais","13","Mil Reais","-","Mil Reais","13","Mil Reais","-","Mil Reais","37","Mil Reais","-","Mil Reais","273","Mil Reais","225","Mil Reais","103","Mil Reais","84","Mil Reais","108","Mil Reais","87","Mil Reais","191","Mil Reais","174","Mil Reais","199","Mil Reais","174","Mil Reais","129","Mil Reais","87","Mil Reais","258","Mil Reais","93","Mil Reais","242","Mil Reais","26","Mil Reais","269","Mil Reais","23","Mil Reais","290","Mil Reais","26","Mil Reais","316","Mil Reais","27","Mil Reais","331","Mil Reais","32","Mil Reais","1915","Mil Reais","415","Mil Reais","3092","Mil Reais","660","Mil Reais"
"MU","1304203","Tefé (AM)","128","Mil Reais","21","Mil Reais","135","Mil Reais","26","Mil Reais","145","Mil Reais","28","Mil Reais","38","Mil Reais","13","Mil Reais","46","Mil Reais","10","Mil Reais","46","Mil Reais","10","Mil Reais","97","Mil Reais","8","Mil Reais","155","Mil Reais","8","Mil Reais","288","Mil Reais","38","Mil Reais","329","Mil Reais","41","Mil Reais","307","Mil Reais","14","Mil Reais","439","Mil Reais","16","Mil Reais","296","Mil Reais","17","Mil Reais","294","Mil Reais","19","Mil Reais","335","Mil Reais","20","Mil Reais","283","Mil Reais","16","Mil Reais","294","Mil Reais","17","Mil Reais","348","Mil Reais","17","Mil Reais","399","Mil Reais","19","Mil Reais","2223","Mil Reais","29","Mil Reais","2533","Mil Reais","50","Mil Reais"
"MU","1304237","Tonantins (AM)","38","Mil Reais","15","Mil Reais","39","Mil Reais","15","Mil Reais","41","Mil Reais","16","Mil Reais","...","Mil Reais","...","Mil Reais","...","Mil Reais","...","Mil Reais","288","Mil Reais","288","Mil Reais","574","Mil Reais","574","Mil Reais","576","Mil Reais","573","Mil Reais","402","Mil Reais","375","Mil Reais","394","Mil Reais","350","Mil Reais","438","Mil Reais","350","Mil Reais","471","Mil Reais","424","Mil Reais","262","Mil Reais","59","Mil Reais","134","Mil Reais","-","Mil Reais","150","Mil Reais","9","Mil Reais","688","Mil Reais","8","Mil Reais","809","Mil Reais","9","Mil Reais","976","Mil Reais","-","Mil Reais","864","Mil Reais","-","Mil Reais","833","Mil Reais","-","Mil Reais","3262","Mil Reais","250","Mil Reais"
"MU","1304260","Uarini (AM)","27","Mil Reais","15","Mil Reais","47","Mil Reais","34","Mil Reais","53","Mil Reais","39","Mil Reais","26","Mil Reais","13","Mil Reais","39","Mil Reais","8","Mil Reais","90","Mil Reais","58","Mil Reais","85","Mil Reais","51","Mil Reais","86","Mil Reais","53","Mil Reais","74","Mil Reais","45","Mil Reais","75","Mil Reais","33","Mil Reais","44","Mil Reais","8","Mil Reais","35","Mil Reais","10","Mil Reais","31","Mil Reais","10","Mil Reais","32","Mil Reais","10","Mil Reais","38","Mil Reais","11","Mil Reais","33","Mil Reais","10","Mil Reais","35","Mil Reais","11","Mil Reais","37","Mil Reais","11","Mil Reais","7","Mil Reais","-","Mil Reais","66","Mil Reais","-","Mil Reais","88","Mil Reais","25","Mil Reais"
"MU","1304302","Urucará (AM)","576","Mil Reais","526","Mil Reais","590","Mil Reais","539","Mil Reais","612","Mil Reais","558","Mil Reais","111","Mil Reais","27","Mil Reais","139","Mil Reais","31","Mil Reais","142","Mil Reais","32","Mil Reais","680","Mil Reais","108","Mil Reais","709","Mil Reais","108","Mil Reais","615","Mil Reais","128","Mil Reais","598","Mil Reais","138","Mil Reais","1202","Mil Reais","146","Mil Reais","1118","Mil Reais","133","Mil Reais","1123","Mil Reais","140","Mil Reais","1299","Mil Reais","195","Mil Reais","1412","Mil Reais","195","Mil Reais","1426","Mil Reais","182","Mil Reais","1421","Mil Reais","165","Mil Reais","1655","Mil Reais","225","Mil Reais","1465","Mil Reais","185","Mil Reais","1411","Mil Reais","163","Mil Reais","1768","Mil Reais","188","Mil Reais"
"MU","1304401","Urucurituba (AM)","216","Mil Reais","41","Mil Reais","221","Mil Reais","42","Mil Reais","235","Mil Reais","43","Mil Reais","21","Mil Reais","12","Mil Reais","27","Mil Reais","16","Mil Reais","28","Mil Reais","17","Mil Reais","88","Mil Reais","59","Mil Reais","113","Mil Reais","82","Mil Reais","263","Mil Reais","135","Mil Reais","277","Mil Reais","125","Mil Reais","312","Mil Reais","126","Mil Reais","436","Mil Reais","120","Mil Reais","402","Mil Reais","108","Mil Reais","447","Mil Reais","137","Mil Reais","466","Mil Reais","132","Mil Reais","389","Mil Reais","110","Mil Reais","629","Mil Reais","200","Mil Reais","891","Mil Reais","315","Mil Reais","882","Mil Reais","347","Mil Reais","3056","Mil Reais","1894","Mil Reais","2611","Mil Reais","1320","Mil Reais"
"Fonte: IBGE - Pesquisa da Pecuária Municipal"

"Tabela 74 - Produção de origem animal, por tipo de produto"
"Variável - Valor da produção - percentual do total geral"
"Nível","Cód.","Município","Ano x Tipo de produto de origem animal"
"Nível","Cód.","Município","2004",,,,"2005",,,,"2006",,,,"2007",,,,"2008",,,,"2009",,,,"2010",,,,"2011",,,,"2012",,,,"2013",,,,"2014",,,,"2015",,,,"2016",,,,"2017",,,,"2018",,,,"2019",,,,"2020",,,,"2021",,,,"2022",,,,"2023",,,,"2024"
"Nível","Cód.","Município","Total",,"Leite",,"Total",,"Leite",,"Total",,"Leite",,"Total",,"Leite",,"Total",,"Leite",,"Total",,"Leite",,"Total",,"Leite",,"Total",,"Leite",,"Total",,"Leite",,"Total",,"Leite",,"Total",,"Leite",,"Total",,"Leite",,"Total",,"Leite",,"Total",,"Leite",,"Total",,"Leite",,"Total",,"Leite",,"Total",,"Leite",,"Total",,"Leite",,"Total",,"Leite",,"Total",,"Leite",,"Total",,"Leite"
"MU","1300029","Alvarães (AM)","100.00","","28.77","","100.00","","29.33","","100.00","","28.75","","100.00","","53.85","","...","","...","","...","","...","","100.00","","-","","100.00","","-","","100.00","","-","","100.00","","-","","100.00","","-","","100.00","","-","","100.00","","-","","100.00","","-","","100.00","","0.00","","100.00","","0.00","","100.00","","0.00","","100.00","","0.00","","100.00","","0.00","","100.00","","-","","100.00","","-",""
"MU","1300060","Amaturá (AM)","100.00","","43.75","","100.00","","41.18","","100.00","","44.44","","100.00","","100.00","","100.00","","100.00","","100.00","","100.00","","100.00","","85.95","","100.00","","87.16","","100.00","","66.84","","100.00","","68.49","","100.00","","54.99","","100.00","","34.24","","100.00","","16.11","","100.00","","2.26","","100.00","","0.98","","100.00","","0.86","","100.00","","0.56","","100.00","","-","","100.00","","-","","100.00","","-","","100.00","","-",""
"MU","1300086","Anamã (AM)","100.00","","28.95","","100.00","","30.00","","100.00","","28.57","","100.00","","95.00","","100.00","","100.00","","100.00","","100.00","","100.00","","85.19","","100.00","","83.33","","100.00","","86.00","","100.00","","89.47","","100.00","","86.21","","100.00","","88.46","","100.00","","87.88","","100.00","","80.00","","100.00","","80.43","","100.00","","79.55","","100.00","","82.61","","100.00","","75.56","","100.00","","75.00","","100.00","","14.79","","100.00","","13.71",""
"MU","1300102","Anori (AM)","100.00","","83.05","","100.00","","83.33","","100.00","","82.54","","100.00","","100.00","","100.00","","100.00","","100.00","","91.09","","100.00","","52.42","","100.00","","68.92","","100.00","","72.22","","100.00","","73.02","","100.00","","70.59","","100.00","","68.75","","100.00","","76.47","","100.00","","50.34","","100.00","","50.00","","100.00","","45.16","","100.00","","51.68","","100.00","","52.02","","100.00","","51.30","","100.00","","16.00","","100.00","","14.66",""
"MU","1300144","Apuí (AM)","100.00","","75.31","","100.00","","79.14","","100.00","","78.50","","100.00","","94.59","","100.00","","99.26","","100.00","","99.20","","100.00","","84.31","","100.00","","85.61","","100.00","","86.97","","100.00","","81.92","","100.00","","75.57","","100.00","","78.97","","100.00","","82.54","","100.00","","66.99","","100.00","","63.71","","100.00","","66.77","","100.00","","71.57","","100.00","","70.83","","100.00","","57.91","","100.00","","54.47","","100.00","","51.66",""
"MU","1300201","Atalaia do Norte (AM)","100.00","","-","","100.00","","-","","100.00","","-","","100.00","","-","","100.00","","-","","100.00","","16.13","","100.00","","5.20","","100.00","","4.37","","100.00","","6.55","","100.00","","8.33","","100.00","","5.29","","100.00","","13.70","","100.00","","8.80","","100.00","","-","","100.00","","5.77","","100.00","","0.32","","100.00","","0.85","","100.00","","-","","100.00","","-","","100.00","","-","","100.00","","-",""
"MU","1300300","Autazes (AM)","100.00","","96.25","","100.00","","96.38","","100.00","","96.25","","100.00","","99.47","","100.00","","99.83","","100.00","","99.83","","100.00","","99.66","","100.00","","99.28","","100.00","","99.15","","100.00","","98.98","","100.00","","98.80","","100.00","","99.24","","100.00","","98.91","","100.00","","97.97","","100.00","","96.30","","100.00","","96.38","","100.00","","96.64","","100.00","","96.65","","100.00","","96.58","","100.00","","96.54","","100.00","","96.31",""
"MU","1300409","Barcelos (AM)","100.00","","100.00","","100.00","","100.00","","100.00","","100.00","","100.00","","100.00","","100.00","","100.00","","100.00","","100.00","","100.00","","74.19","","100.00","","62.16","","100.00","","23.08","","100.00","","26.92","","100.00","","18.42","","100.00","","-","","100.00","","-","","100.00","","1.03","","100.00","","0.94","","100.00","","-","","100.00","","-","","100.00","","-","","100.00","","-","","100.00","","-","","100.00","","-",""
"MU","1300508","Barreirinha (AM)","100.00","","99.29","","100.00","","99.31","","100.00","","99.26","","100.00","","94.24","","100.00","","93.11","","100.00","","93.10","","100.00","","83.00","","100.00","","79.84","","100.00","","94.02","","100.00","","90.22","","100.00","","90.95","","100.00","","82.82","","100.00","","83.33","","100.00","","70.61","","100.00","","70.94","","100.00","","71.43","","100.00","","71.35","","100.00","","70.13","","100.00","","72.18","","100.00","","79.22","","100.00","","75.73",""
"MU","1300607","Benjamin Constant (AM)","100.00","","12.88","","100.00","","12.54","","100.00","","12.38","","100.00","","10.40","","100.00","","33.68","","100.00","","33.33","","100.00","","44.06","","100.00","","30.51","","100.00","","18.37","","100.00","","21.31","","100.00","","19.55","","100.00","","20.37","","100.00","","16.11","","100.00","","3.26","","100.00","","0.00","","100.00","","0.00","","100.00","","0.00","","100.00","","0.00","","100.00","","-","","100.00","","-","","100.00","","-",""
"MU","1300631","Beruri (AM)","100.00","","35.71","","100.00","","36.36","","100.00","","37.50","","100.00","","-","","100.00","","-","","100.00","","78.71","","100.00","","72.59","","100.00","","71.69","","100.00","","38.64","","100.00","","46.34","","100.00","","30.77","","...","","...","","100.00","","100.00","","100.00","","100.00","","100.00","","24.32","","100.00","","0.14","","100.00","","-","","100.00","","-","","100.00","","-","","100.00","","-","","100.00","","12.21",""
"MU","1300680","Boa Vista do Ramos (AM)","100.00","","97.14","","100.00","","97.21","","100.00","","97.04","","100.00","","92.62","","100.00","","73.40","","100.00","","74.67","","100.00","","78.11","","100.00","","67.48","","100.00","","66.79","","100.00","","67.43","","100.00","","69.11","","100.00","","66.89","","100.00","","61.24","","100.00","","57.67","","100.00","","59.33","","100.00","","58.39","","100.00","","59.81","","100.00","","58.64","","100.00","","53.48","","100.00","","55.46","","100.00","","25.12",""
"MU","1300706","Boca do Acre (AM)","100.00","","95.18","","100.00","","94.68","","100.00","","94.55","","100.00","","87.63","","100.00","","95.14","","100.00","","91.79","","100.00","","84.35","","100.00","","86.61","","100.00","","92.16","","100.00","","91.18","","100.00","","90.69","","100.00","","90.68","","100.00","","89.29","","100.00","","84.78","","100.00","","90.37","","100.00","","88.73","","100.00","","88.57","","100.00","","89.92","","100.00","","90.19","","100.00","","96.08","","100.00","","93.48",""
"MU","1300805","Borba (AM)","100.00","","55.71","","100.00","","55.56","","100.00","","55.26","","100.00","","36.36","","100.00","","44.44","","100.00","","44.44","","100.00","","35.71","","100.00","","40.88","","100.00","","68.18","","100.00","","68.63","","100.00","","42.32","","100.00","","38.44","","100.00","","35.99","","100.00","","32.87","","100.00","","33.66","","100.00","","36.53","","100.00","","45.77","","100.00","","46.60","","100.00","","47.28","","100.00","","29.19","","100.00","","46.20",""
"MU","1300839","Caapiranga (AM)","100.00","","88.00","","100.00","","88.00","","100.00","","88.89","","100.00","","-","","100.00","","-","","100.00","","88.70","","100.00","","62.10","","100.00","","61.42","","100.00","","75.12","","100.00","","42.72","","100.00","","26.47","","100.00","","48.39","","100.00","","7.86","","100.00","","7.66","","100.00","","7.47","","100.00","","3.84","","100.00","","22.47","","100.00","","-","","100.00","","-","","100.00","","-","","100.00","","-",""
"MU","1300904","Canutama (AM)","100.00","","88.55","","100.00","","88.43","","100.00","","88.17","","100.00","","40.00","","100.00","","18.18","","100.00","","77.11","","100.00","","71.25","","100.00","","59.22","","100.00","","44.85","","100.00","","49.45","","100.00","","44.50","","100.00","","42.99","","100.00","","41.87","","100.00","","41.96","","100.00","","43.10","","100.00","","44.86","","100.00","","44.48","","100.00","","41.71","","100.00","","41.24","","100.00","","29.57","","100.00","","41.58",""
"MU","1301001","Carauari (AM)","100.00","","22.07","","100.00","","16.06","","100.00","","15.65","","100.00","","14.20","","100.00","","5.44","","100.00","","6.67","","100.00","","6.54","","100.00","","8.13","","100.00","","8.47","","100.00","","6.25","","100.00","","26.67","","100.00","","2.70","","100.00","","1.82","","100.00","","0.57","","100.00","","0.53","","100.00","","0.00","","100.00","","-","","100.00","","-","","100.00","","-","","100.00","","-","","100.00","","-",""
"MU","1301100","Careiro (AM)","100.00","","86.15","","100.00","","86.10","","100.00","","85.68","","100.00","","71.06","","100.00","","100.00","","100.00","","100.00","","100.00","","98.08","","100.00","","94.95","","100.00","","83.94","","100.00","","90.18","","100.00","","94.69","","100.00","","96.29","","100.00","","75.62","","100.00","","75.53","","100.00","","66.57","","100.00","","16.29","","100.00","","15.45","","100.00","","4.83","","100.00","","5.78","","100.00","","11.59","","100.00","","13.61",""
"MU","1301159","Careiro da Várzea (AM)","100.00","","99.20","","100.00","","99.20","","100.00","","99.17","","100.00","","99.95","","100.00","","99.93","","100.00","","99.94","","100.00","","99.48","","100.00","","99.33","","100.00","","99.36","","100.00","","99.41","","100.00","","99.50","","100.00","","99.52","","100.00","","99.40","","100.00","","98.84","","100.00","","98.78","","100.00","","98.58","","100.00","","98.43","","100.00","","98.46","","100.00","","98.10","","100.00","","98.55","","100.00","","98.54",""
"MU","1301209","Coari (AM)","100.00","","39.62","","100.00","","39.48","","100.00","","38.68","","100.00","","64.20","","100.00","","100.00","","100.00","","100.00","","100.00","","65.93","","100.00","","64.62","","100.00","","21.59","","100.00","","21.21","","100.00","","19.63","","100.00","","13.75","","100.00","","19.39","","100.00","","14.56","","100.00","","12.29","","100.00","","9.85","","100.00","","9.78","","100.00","","8.30","","100.00","","6.03","","100.00","","5.73","","100.00","","3.42",""
"MU","1301308","Codajás (AM)","100.00","","80.00","","100.00","","79.57","","100.00","","79.17","","100.00","","100.00","","100.00","","100.00","","100.00","","98.89","","100.00","","80.43","","100.00","","76.81","","100.00","","45.80","","100.00","","50.30","","100.00","","37.10","","100.00","","57.61","","100.00","","71.86","","100.00","","63.06","","100.00","","64.17","","100.00","","63.93","","100.00","","71.56","","100.00","","57.38","","100.00","","59.31","","100.00","","31.60","","100.00","","28.61",""
"MU","1301407","Eirunepé (AM)","100.00","","8.66","","100.00","","7.36","","100.00","","7.94","","100.00","","12.46","","100.00","","4.09","","100.00","","17.86","","100.00","","21.36","","100.00","","28.95","","100.00","","15.79","","100.00","","23.41","","100.00","","19.35","","100.00","","12.99","","100.00","","4.31","","100.00","","3.45","","100.00","","6.23","","100.00","","0.00","","100.00","","-","","100.00","","-","","100.00","","-","","100.00","","7.14","","100.00","","67.12",""
"MU","1301506","Envira (AM)","100.00","","73.35","","100.00","","73.68","","100.00","","72.96","","100.00","","76.54","","100.00","","93.54","","100.00","","93.75","","100.00","","48.07","","100.00","","60.12","","100.00","","25.70","","100.00","","26.53","","100.00","","22.22","","100.00","","16.67","","100.00","","22.16","","100.00","","34.53","","100.00","","32.39","","100.00","","34.65","","100.00","","13.31","","100.00","","8.33","","100.00","","10.12","","100.00","","10.89","","100.00","","23.99",""
"MU","1301605","Fonte Boa (AM)","100.00","","30.00","","100.00","","27.53","","100.00","","27.75","","100.00","","-","","100.00","","-","","100.00","","-","","100.00","","89.79","","100.00","","89.11","","100.00","","84.42","","100.00","","81.94","","100.00","","57.37","","100.00","","60.92","","100.00","","77.48","","100.00","","75.10","","100.00","","73.52","","100.00","","71.00","","100.00","","70.10","","100.00","","71.36","","100.00","","73.09","","100.00","","36.14","","100.00","","31.89",""
"MU","1301654","Guajará (AM)","100.00","","87.08","","100.00","","89.05","","100.00","","88.73","","100.00","","79.59","","100.00","","79.33","","100.00","","79.98","","100.00","","69.77","","100.00","","73.70","","100.00","","67.14","","100.00","","61.18","","100.00","","59.76","","100.00","","38.22","","100.00","","56.47","","100.00","","48.80","","100.00","","51.87","","100.00","","70.51","","100.00","","68.25","","100.00","","74.20","","100.00","","28.02","","100.00","","8.97","","100.00","","22.35",""
"MU","1301704","Humaitá (AM)","100.00","","58.14","","100.00","","60.00","","100.00","","58.33","","100.00","","100.00","","100.00","","100.00","","100.00","","100.00","","100.00","","63.01","","100.00","","58.99","","100.00","","48.36","","100.00","","67.71","","100.00","","50.97","","100.00","","54.59","","100.00","","51.47","","100.00","","56.55","","100.00","","72.53","","100.00","","58.63","","100.00","","57.58","","100.00","","56.89","","100.00","","56.57","","100.00","","47.02","","100.00","","59.58",""
"MU","1301803","Ipixuna (AM)","100.00","","79.85","","100.00","","79.71","","100.00","","79.17","","100.00","","65.31","","100.00","","96.26","","100.00","","96.61","","100.00","","95.69","","100.00","","90.91","","100.00","","94.32","","100.00","","93.55","","100.00","","91.51","","100.00","","-","","100.00","","-","","100.00","","2.22","","100.00","","3.70","","100.00","","7.02","","100.00","","100.00","","...","","...","","...","","...","","100.00","","-","","100.00","","-",""
"MU","1301852","Iranduba (AM)","100.00","","3.44","","100.00","","2.53","","100.00","","2.17","","100.00","","0.51","","100.00","","0.97","","100.00","","1.98","","100.00","","3.71","","100.00","","3.18","","100.00","","4.73","","100.00","","2.83","","100.00","","3.26","","100.00","","4.38","","100.00","","2.13","","100.00","","3.20","","100.00","","2.49","","100.00","","1.18","","100.00","","1.37","","100.00","","1.49","","100.00","","2.48","","100.00","","2.06","","100.00","","2.44",""
"MU","1301902","Itacoatiara (AM)","100.00","","83.49","","100.00","","81.12","","100.00","","78.69","","100.00","","44.81","","100.00","","79.56","","100.00","","79.57","","100.00","","73.31","","100.00","","70.08","","100.00","","69.68","","100.00","","67.94","","100.00","","55.36","","100.00","","61.03","","100.00","","56.48","","100.00","","60.01","","100.00","","55.50","","100.00","","50.80","","100.00","","45.28","","100.00","","42.21","","100.00","","33.67","","100.00","","62.20","","100.00","","70.52",""
"MU","1301951","Itamarati (AM)","100.00","","45.76","","100.00","","45.90","","100.00","","45.31","","100.00","","-","","100.00","","-","","100.00","","97.32","","100.00","","92.65","","100.00","","93.13","","100.00","","50.00","","100.00","","48.98","","100.00","","-","","100.00","","6.57","","100.00","","11.76","","100.00","","7.69","","100.00","","4.08","","100.00","","0.00","","100.00","","-","","...","","...","","...","","...","","100.00","","-","","100.00","","-",""
"MU","1302009","Itapiranga (AM)","100.00","","98.85","","100.00","","98.88","","100.00","","98.92","","100.00","","100.00","","100.00","","75.00","","100.00","","23.53","","100.00","","17.19","","100.00","","51.55","","100.00","","53.19","","100.00","","60.27","","100.00","","50.00","","100.00","","27.48","","100.00","","43.64","","100.00","","41.53","","100.00","","41.49","","100.00","","36.88","","100.00","","39.46","","100.00","","38.95","","100.00","","38.16","","100.00","","38.14","","100.00","","40.10",""
"MU","1302108","Japurá (AM)","100.00","","-","","100.00","","-","","100.00","","-","","100.00","","-","","...","","...","","...","","...","","100.00","","94.05","","100.00","","92.74","","100.00","","74.65","","100.00","","75.00","","100.00","","20.75","","100.00","","25.57","","100.00","","40.66","","100.00","","30.43","","100.00","","33.67","","100.00","","32.58","","100.00","","32.65","","100.00","","31.91","","100.00","","33.33","","100.00","","10.77","","100.00","","21.19",""
"MU","1302207","Juruá (AM)","100.00","","-","","100.00","","-","","100.00","","-","","...","","...","","...","","...","","...","","...","","100.00","","70.00","","100.00","","77.78","","100.00","","40.74","","100.00","","50.00","","100.00","","14.29","","100.00","","-","","100.00","","-","","100.00","","-","","100.00","","0.14","","100.00","","0.16","","100.00","","0.16","","100.00","","0.17","","100.00","","-","","100.00","","-","","100.00","","3.73",""
"MU","1302306","Jutaí (AM)","100.00","","-","","100.00","","-","","100.00","","-","","100.00","","5.35","","100.00","","4.14","","100.00","","4.09","","100.00","","2.85","","100.00","","4.50","","100.00","","7.94","","100.00","","11.61","","100.00","","7.32","","100.00","","13.20","","100.00","","18.74","","100.00","","19.05","","100.00","","21.90","","100.00","","19.69","","100.00","","20.08","","100.00","","21.26","","100.00","","24.27","","100.00","","50.42","","100.00","","60.94",""
"MU","1302405","Lábrea (AM)","100.00","","35.88","","100.00","","33.85","","100.00","","30.29","","100.00","","7.20","","100.00","","6.93","","100.00","","21.81","","100.00","","23.97","","100.00","","24.52","","100.00","","38.55","","100.00","","38.08","","100.00","","43.31","","100.00","","34.42","","100.00","","32.55","","100.00","","33.49","","100.00","","37.01","","100.00","","35.07","","100.00","","31.65","","100.00","","30.63","","100.00","","29.60","","100.00","","49.50","","100.00","","41.62",""
"MU","1302504","Manacapuru (AM)","100.00","","54.10","","100.00","","49.30","","100.00","","48.73","","100.00","","14.81","","100.00","","28.95","","100.00","","3.32","","100.00","","3.00","","100.00","","9.28","","100.00","","20.70","","100.00","","17.29","","100.00","","16.37","","100.00","","12.05","","100.00","","12.32","","100.00","","6.22","","100.00","","6.75","","100.00","","8.19","","100.00","","4.56","","100.00","","3.07","","100.00","","4.99","","100.00","","4.79","","100.00","","4.83",""
"MU","1302553","Manaquiri (AM)","100.00","","72.40","","100.00","","72.08","","100.00","","71.71","","100.00","","100.00","","100.00","","100.00","","100.00","","100.00","","100.00","","94.80","","100.00","","96.69","","100.00","","86.11","","100.00","","85.88","","100.00","","78.67","","100.00","","31.03","","100.00","","29.29","","100.00","","21.78","","100.00","","14.00","","100.00","","13.70","","100.00","","15.34","","100.00","","12.79","","100.00","","12.71","","100.00","","14.72","","100.00","","40.05",""
"MU","1302603","Manaus (AM)","100.00","","4.34","","100.00","","3.62","","100.00","","2.97","","100.00","","0.58","","100.00","","0.83","","100.00","","0.65","","100.00","","0.99","","100.00","","0.96","","100.00","","0.87","","100.00","","0.85","","100.00","","0.46","","100.00","","0.59","","100.00","","1.04","","100.00","","0.56","","100.00","","0.34","","100.00","","0.39","","100.00","","0.37","","100.00","","0.36","","100.00","","0.37","","100.00","","0.51","","100.00","","1.04",""
"MU","1302702","Manicoré (AM)","100.00","","59.06","","100.00","","62.05","","100.00","","61.27","","100.00","","94.08","","100.00","","94.48","","100.00","","94.38","","100.00","","98.52","","100.00","","81.32","","100.00","","81.33","","100.00","","82.33","","100.00","","91.21","","100.00","","90.64","","100.00","","89.79","","100.00","","91.64","","100.00","","90.45","","100.00","","92.08","","100.00","","91.40","","100.00","","92.25","","100.00","","94.48","","100.00","","93.92","","100.00","","93.55",""
"MU","1302801","Maraã (AM)","100.00","","100.00","","100.00","","100.00","","100.00","","100.00","","...","","...","","...","","...","","...","","...","","100.00","","-","","100.00","","-","","100.00","","-","","100.00","","-","","100.00","","-","","100.00","","-","","100.00","","-","","100.00","","-","","100.00","","3.27","","100.00","","4.08","","100.00","","4.55","","100.00","","4.17","","100.00","","5.00","","100.00","","-","","100.00","","10.62",""
"MU","1302900","Maués (AM)","100.00","","83.73","","100.00","","83.72","","100.00","","83.39","","100.00","","65.28","","100.00","","88.26","","100.00","","88.28","","100.00","","78.79","","100.00","","83.79","","100.00","","74.50","","100.00","","75.29","","100.00","","77.66","","100.00","","65.71","","100.00","","65.72","","100.00","","48.12","","100.00","","37.97","","100.00","","35.07","","100.00","","33.41","","100.00","","20.54","","100.00","","19.93","","100.00","","19.79","","100.00","","26.84",""
"MU","1303007","Nhamundá (AM)","100.00","","99.55","","100.00","","99.56","","100.00","","99.57","","100.00","","77.31","","100.00","","100.00","","100.00","","100.00","","100.00","","100.00","","100.00","","83.93","","100.00","","83.11","","100.00","","83.33","","100.00","","84.58","","100.00","","67.95","","100.00","","78.76","","100.00","","63.60","","100.00","","67.30","","100.00","","67.28","","100.00","","77.61","","100.00","","77.00","","100.00","","73.47","","100.00","","82.04","","100.00","","88.33",""
"MU","1303106","Nova Olinda do Norte (AM)","100.00","","25.00","","100.00","","24.49","","100.00","","25.00","","100.00","","81.82","","100.00","","26.32","","100.00","","30.00","","100.00","","30.95","","100.00","","30.67","","100.00","","93.27","","100.00","","91.12","","100.00","","97.50","","100.00","","97.40","","100.00","","97.56","","100.00","","95.03","","100.00","","94.55","","100.00","","93.96","","100.00","","94.79","","100.00","","94.83","","100.00","","93.90","","100.00","","91.34","","100.00","","82.50",""
"MU","1303205","Novo Airão (AM)","100.00","","100.00","","100.00","","100.00","","100.00","","100.00","","100.00","","88.89","","100.00","","80.00","","100.00","","100.00","","100.00","","67.11","","100.00","","66.30","","100.00","","74.26","","100.00","","64.86","","100.00","","44.44","","100.00","","18.37","","100.00","","10.69","","100.00","","19.48","","100.00","","4.42","","100.00","","6.68","","100.00","","2.30","","100.00","","-","","100.00","","-","","100.00","","2.81","","100.00","","12.53",""
"MU","1303304","Novo Aripuanã (AM)","100.00","","74.37","","100.00","","74.43","","100.00","","73.82","","100.00","","84.62","","100.00","","94.44","","100.00","","94.34","","100.00","","78.21","","100.00","","81.82","","100.00","","69.16","","100.00","","73.32","","100.00","","76.50","","100.00","","72.00","","100.00","","63.73","","100.00","","14.31","","100.00","","17.77","","100.00","","19.03","","100.00","","23.47","","100.00","","25.76","","100.00","","31.14","","100.00","","65.54","","100.00","","67.72",""
"MU","1303403","Parintins (AM)","100.00","","90.26","","100.00","","90.46","","100.00","","90.17","","100.00","","81.92","","100.00","","93.15","","100.00","","93.18","","100.00","","94.18","","100.00","","89.42","","100.00","","82.27","","100.00","","81.37","","100.00","","72.50","","100.00","","86.38","","100.00","","73.47","","100.00","","71.57","","100.00","","71.37","","100.00","","72.27","","100.00","","72.94","","100.00","","72.71","","100.00","","77.97","","100.00","","76.28","","100.00","","85.12",""
"MU","1303502","Pauini (AM)","100.00","","66.35","","100.00","","60.87","","100.00","","59.79","","100.00","","62.32","","100.00","","22.84","","100.00","","28.26","","100.00","","40.10","","100.00","","42.91","","100.00","","46.88","","100.00","","40.62","","100.00","","74.85","","100.00","","61.35","","100.00","","72.76","","100.00","","56.31","","100.00","","56.36","","100.00","","57.14","","100.00","","55.95","","100.00","","53.09","","100.00","","53.39","","100.00","","50.41","","100.00","","44.25",""
"MU","1303536","Presidente Figueiredo (AM)","100.00","","87.01","","100.00","","87.02","","100.00","","86.70","","100.00","","50.19","","100.00","","42.55","","100.00","","42.64","","100.00","","47.88","","100.00","","59.04","","100.00","","61.92","","100.00","","54.48","","100.00","","52.24","","100.00","","55.39","","100.00","","54.87","","100.00","","45.94","","100.00","","33.83","","100.00","","29.71","","100.00","","21.55","","100.00","","13.15","","100.00","","10.02","","100.00","","4.15","","100.00","","10.30",""
"MU","1303569","Rio Preto da Eva (AM)","100.00","","18.50","","100.00","","17.51","","100.00","","17.13","","100.00","","2.40","","100.00","","3.50","","100.00","","5.11","","100.00","","7.66","","100.00","","5.73","","100.00","","4.29","","100.00","","6.03","","100.00","","6.31","","100.00","","4.28","","100.00","","2.38","","100.00","","1.06","","100.00","","1.31","","100.00","","1.27","","100.00","","1.39","","100.00","","1.72","","100.00","","1.33","","100.00","","1.79","","100.00","","1.54",""
"MU","1303601","Santa Isabel do Rio Negro (AM)","100.00","","47.83","","100.00","","50.00","","100.00","","50.00","","...","","...","","100.00","","90.91","","100.00","","86.96","","100.00","","45.59","","100.00","","41.03","","100.00","","41.46","","100.00","","13.64","","100.00","","17.07","","...","","...","","...","","...","","...","","...","","100.00","","100.00","","..","","..","","100.00","","-","","100.00","","-","","...","","...","","100.00","","-","","100.00","","-",""
"MU","1303700","Santo Antônio do Içá (AM)","100.00","","-","","100.00","","-","","100.00","","-","","100.00","","-","","100.00","","-","","100.00","","-","","100.00","","79.93","","100.00","","78.13","","100.00","","77.18","","100.00","","76.45","","100.00","","60.00","","100.00","","59.15","","100.00","","40.40","","100.00","","-","","100.00","","13.43","","100.00","","1.12","","100.00","","0.78","","100.00","","-","","100.00","","-","","100.00","","-","","100.00","","-",""
"MU","1303809","São Gabriel da Cachoeira (AM)","100.00","","-","","100.00","","-","","100.00","","-","","...","","...","","...","","...","","100.00","","100.00","","100.00","","42.35","","100.00","","41.38","","100.00","","25.14","","100.00","","11.01","","100.00","","8.33","","100.00","","9.09","","100.00","","9.48","","100.00","","-","","100.00","","11.05","","100.00","","14.61","","100.00","","12.12","","100.00","","14.29","","100.00","","14.18","","100.00","","-","","100.00","","-",""
"MU","1303908","São Paulo de Olivença (AM)","100.00","","26.76","","100.00","","27.03","","100.00","","25.97","","100.00","","-","","...","","...","","100.00","","100.00","","100.00","","66.67","","100.00","","53.09","","100.00","","45.91","","100.00","","10.38","","100.00","","7.32","","100.00","","6.69","","100.00","","6.07","","100.00","","-","","100.00","","-","","100.00","","9.36","","100.00","","8.14","","100.00","","-","","100.00","","-","","100.00","","-","","100.00","","-",""
"MU","1303957","São Sebastião do Uatumã (AM)","100.00","","56.52","","100.00","","56.00","","100.00","","56.00","","100.00","","-","","100.00","","73.91","","100.00","","73.91","","100.00","","78.35","","100.00","","80.71","","100.00","","63.06","","100.00","","65.04","","100.00","","64.00","","100.00","","61.22","","100.00","","58.27","","100.00","","37.00","","100.00","","34.70","","100.00","","21.10","","100.00","","25.07","","100.00","","38.30","","100.00","","37.59","","100.00","","47.44","","100.00","","46.26",""
"MU","1304005","Silves (AM)","100.00","","48.72","","100.00","","48.76","","100.00","","47.87","","100.00","","93.13","","100.00","","78.00","","100.00","","78.85","","100.00","","88.46","","100.00","","79.45","","100.00","","78.13","","100.00","","80.65","","100.00","","87.94","","100.00","","75.35","","100.00","","83.86","","100.00","","58.12","","100.00","","59.08","","100.00","","63.77","","100.00","","61.64","","100.00","","75.00","","100.00","","77.28","","100.00","","75.10","","100.00","","75.39",""
"MU","1304062","Tabatinga (AM)","100.00","","73.13","","100.00","","67.86","","100.00","","67.80","","...","","...","","...","","...","","100.00","","100.00","","100.00","","69.23","","100.00","","76.60","","100.00","","14.56","","100.00","","40.54","","100.00","","17.02","","100.00","","17.02","","100.00","","6.70","","100.00","","6.47","","100.00","","1.77","","100.00","","0.50","","100.00","","0.38","","100.00","","0.38","","100.00","","-","","100.00","","-","","100.00","","-",""
"MU","1304104","Tapauá (AM)","100.00","","-","","100.00","","-","","100.00","","-","","100.00","","-","","100.00","","-","","100.00","","-","","100.00","","-","","100.00","","82.42","","100.00","","81.55","","100.00","","80.56","","100.00","","91.10","","100.00","","87.44","","100.00","","67.44","","100.00","","36.05","","100.00","","10.74","","100.00","","8.55","","100.00","","8.97","","100.00","","8.54","","100.00","","9.67","","100.00","","21.67","","100.00","","21.35",""
"MU","1304203","Tefé (AM)","100.00","","16.41","","100.00","","19.26","","100.00","","19.31","","100.00","","34.21","","100.00","","21.74","","100.00","","21.74","","100.00","","8.25","","100.00","","5.16","","100.00","","13.19","","100.00","","12.46","","100.00","","4.56","","100.00","","3.64","","100.00","","5.74","","100.00","","6.46","","100.00","","5.97","","100.00","","5.65","","100.00","","5.78","","100.00","","4.89","","100.00","","4.76","","100.00","","1.30","","100.00","","1.97",""
"MU","1304237","Tonantins (AM)","100.00","","39.47","","100.00","","38.46","","100.00","","39.02","","...","","...","","...","","...","","100.00","","100.00","","100.00","","100.00","","100.00","","99.48","","100.00","","93.28","","100.00","","88.83","","100.00","","79.91","","100.00","","90.02","","100.00","","22.52","","100.00","","-","","100.00","","6.00","","100.00","","1.16","","100.00","","1.11","","100.00","","-","","100.00","","-","","100.00","","-","","100.00","","7.66",""
"MU","1304260","Uarini (AM)","100.00","","55.56","","100.00","","72.34","","100.00","","73.58","","100.00","","50.00","","100.00","","20.51","","100.00","","64.44","","100.00","","60.00","","100.00","","61.63","","100.00","","60.81","","100.00","","44.00","","100.00","","18.18","","100.00","","28.57","","100.00","","32.26","","100.00","","31.25","","100.00","","28.95","","100.00","","30.30","","100.00","","31.43","","100.00","","29.73","","100.00","","-","","100.00","","-","","100.00","","28.41",""
"MU","1304302","Urucará (AM)","100.00","","91.32","","100.00","","91.36","","100.00","","91.18","","100.00","","24.32","","100.00","","22.30","","100.00","","22.54","","100.00","","15.88","","100.00","","15.23","","100.00","","20.81","","100.00","","23.08","","100.00","","12.15","","100.00","","11.90","","100.00","","12.47","","100.00","","15.01","","100.00","","13.81","","100.00","","12.76","","100.00","","11.61","","100.00","","13.60","","100.00","","12.63","","100.00","","11.55","","100.00","","10.63",""
"MU","1304401","Urucurituba (AM)","100.00","","18.98","","100.00","","19.00","","100.00","","18.30","","100.00","","57.14","","100.00","","59.26","","100.00","","60.71","","100.00","","67.05","","100.00","","72.57","","100.00","","51.33","","100.00","","45.13","","100.00","","40.38","","100.00","","27.52","","100.00","","26.87","","100.00","","30.65","","100.00","","28.33","","100.00","","28.28","","100.00","","31.80","","100.00","","35.35","","100.00","","39.34","","100.00","","61.98","","100.00","","50.56",""
"Fonte: IBGE - Pesquisa da Pecuária Municipal"

"Notas"
"1 - Os municípios sem informação para pelo menos um produto de origem animal não aparecem nas listas.
2 - Os dados do último ano divulgado são RESULTADOS PRELIMINARES e podem sofrer alterações até a próxima divulgação."
""
"Legenda"
"Símbolo","Significado"
"-","Zero absoluto, não resultante de um cálculo ou arredondamento.
Ex: Em determinado município não existem pessoas de 14 anos de idade sem instrução."
"0","Zero resultante de um cálculo ou arredondamento.
Ex: A inflação do feijão em determinada Região Metropolitana foi 0.
Determinado município produziu 400 kg de sementes de girassol e os dados da tabela são expressos em toneladas."
"X","Valor inibido para não identificar o informante.
Ex: Determinado município só possui uma empresa produtora de cimento, logo o valor de sua produção deve ser inibido."
"..","Valor não se aplica.
Ex: Não se pode obter o total da produção agrícola em determinado município quando os produtos agrícolas são contabilizados com unidades de medida distintas."
"...","Valor não disponível.
Ex: A produção de feijão em determinado município não foi pesquisada ou determinado município não existia no ano da pesquisa."
"A a Z
(exceto X)","Significa uma faixa de valores. Varia em função da tabela (se for o caso).
Ex: O nível de precisão da produção estimada de combustíveis está na faixa A (95 a 100%)"
